id;data_inversa;dia_semana;horario;uf;br;km;municipio;causa_acidente;tipo_acidente;classificacao_acidente;fase_dia
1285229;2013-04-19;Sexta;09:25:00;RJ;101;321.0;NITEROI;Nao guardar distancia de seguranca;Colisao lateral;Sem Vitimas;Pleno dia
1285480;2013-04-19;Sexta;18:30:00;RJ;101;316.0;SAO GONCALO;Falta de atencao;Colisao traseira;Sem Vitimas;Plena noite
1285534;2013-04-19;Sexta;16:51:00;RJ;101;333.0;NITEROI;Nao guardar distancia de seguranca;Colisao lateral;Sem Vitimas;Pleno dia
1285558;2013-04-19;Sexta;20:30:00;RJ;101;307.0;SAO GONCALO;Outras;Atropelamento de pessoa;Com Vitimas Feridas;Plena noite
1285571;2013-04-19;Sexta;19:10:00;RJ;101;329.0;RIO DE JANEIRO;Outras;Colisao lateral;Com Vitimas Feridas;Plena noite
1285576;2013-04-19;Sexta;21:00:00;RJ;101;320.0;NITEROI;Falta de atencao;Colisao lateral;Sem Vitimas;Plena noite
1285767;2013-04-20;Sabado;06:45:00;RJ;101;333.0;RIO DE JANEIRO;Desobediencia a sinalizacao;Colisao traseira;Com Vitimas Feridas;Pleno dia
1285797;2013-04-20;Sabado;07:00:00;RJ;101;306.5;SAO GONCALO;Outras;Colisao lateral;Sem Vitimas;Pleno dia
1285820;2013-04-13;Sabado;08:30:00;RJ;101;334.0;RIO DE JANEIRO;Outras;Colisao traseira;Sem Vitimas;Amanhecer
1285879;2013-04-20;Sabado;07:00:00;RJ;101;331.0;RIO DE JANEIRO;Outras;Colisao com objeto fixo;Sem Vitimas;Pleno dia
1285890;2013-04-20;Sabado;06:30:00;RJ;101;331.0;RIO DE JANEIRO;Outras;Colisao traseira;Sem Vitimas;Pleno dia
1285912;2013-04-20;Sabado;11:30:00;RJ;101;321.0;NITEROI;Falta de atencao;Danos Eventuais;Sem Vitimas;Pleno dia
1285998;2013-04-20;Sabado;15:10:00;RJ;101;310.0;SAO GONCALO;Outras;Colisao traseira;Sem Vitimas;Pleno dia
1286028;2013-04-20;Sabado;16:10:00;RJ;101;324.0;NITEROI;Nao guardar distancia de seguranca;Colisao traseira;Sem Vitimas;Pleno dia
1286035;2013-04-20;Sabado;15:30:00;RJ;101;320.0;SAO GONCALO;Falta de atencao;Colisao lateral;Sem Vitimas;Pleno dia
1286154;2013-04-20;Sabado;20:40:00;RJ;101;314.0;SAO GONCALO;Outras;Queda de motocicleta / bicicleta / veiculo;Com Vitimas Feridas;Plena noite
1286216;2013-04-20;Sabado;23:15:00;RJ;101;322.0;NITEROI;Nao guardar distancia de seguranca;Colisao lateral;Sem Vitimas;Plena noite
1286434;2013-04-13;Sabado;22:40:00;RJ;101;305.0;SAO GONCALO;Outras;Saida de Pista;Sem Vitimas;Plena noite
1286836;2013-04-18;Quinta;20:50:00;RJ;101;331.0;RIO DE JANEIRO;Outras;Colisao traseira;Com Vitimas Feridas;Plena noite
1286997;2013-04-22;Segunda;10:15:00;RJ;101;322.0;NITEROI;Outras;Colisao traseira;Sem Vitimas;Pleno dia
1287028;2013-04-22;Segunda;08:00:00;RJ;101;317.0;SAO GONCALO;Outras;Colisao lateral;Com Vitimas Feridas;Pleno dia
1287141;2013-04-22;Segunda;19:00:00;RJ;101;306.0;SAO GONCALO;Outras;Colisao com objeto fixo;Sem Vitimas;Plena noite
1287286;2013-04-19;Sexta;21:35:00;RJ;101;334.0;RIO DE JANEIRO;Falta de atencao;Queda de motocicleta / bicicleta / veiculo;Com Vitimas Feridas;Plena noite
1287688;2013-04-23;Terca;23:30:00;RJ;101;313.0;SAO GONCALO;Outras;Saida de Pista;Com Vitimas Feridas;Plena noite
1287711;2013-04-24;Quarta;02:30:00;RJ;101;301.0;SAO GONCALO;Falta de atencao;Colisao traseira;Com Vitimas Feridas;Plena noite
1287745;2013-04-20;Sabado;13:00:00;RJ;101;321.0;NITEROI;Outras;Colisao traseira;Sem Vitimas;Amanhecer
1287757;2013-04-21;Domingo;04:30:00;RJ;101;332.0;RIO DE JANEIRO;Outras;Colisao traseira;Sem Vitimas;Plena noite
1287787;2013-04-24;Quarta;06:15:00;RJ;101;309.0;SAO GONCALO;Outras;Colisao traseira;Sem Vitimas;Pleno dia
1287818;2013-04-24;Quarta;08:00:00;RJ;101;322.0;NITEROI;Outras;Colisao lateral;Sem Vitimas;Pleno dia
1288106;2013-04-24;Quarta;16:45:00;RJ;101;306.0;SAO GONCALO;Nao guardar distancia de seguranca;Colisao traseira;Sem Vitimas;Pleno dia
1288155;2013-04-24;Quarta;19:30:00;RJ;101;325.0;NITEROI;Velocidade incompativel;Colisao traseira;Sem Vitimas;Plena noite
1288163;2013-04-16;Terca;21:00:00;RJ;101;321.0;NITEROI;Outras;Colisao lateral;Sem Vitimas;Plena noite
1288327;2013-04-25;Quinta;06:50:00;RJ;101;325.0;NITEROI;Outras;Colisao traseira;Sem Vitimas;Pleno dia
1288375;2013-04-25;Quinta;07:40:00;RJ;101;316.0;SAO GONCALO;Falta de atencao;Colisao traseira;Sem Vitimas;Pleno dia
1288401;2013-04-25;Quinta;09:13:00;RJ;101;334.0;RIO DE JANEIRO;Outras;Colisao traseira;Sem Vitimas;Pleno dia
1288589;2013-04-21;Domingo;12:00:00;RJ;101;316.0;SAO GONCALO;Outras;Saida de Pista;Sem Vitimas;Pleno dia
1288881;2013-04-26;Sexta;09:30:00;RJ;101;322.0;NITEROI;Desobediencia a sinalizacao;Colisao traseira;Com Vitimas Feridas;Pleno dia
1288917;2013-04-26;Sexta;08:00:00;RJ;101;321.0;NITEROI;Desobediencia a sinalizacao;Colisao traseira;Sem Vitimas;Pleno dia
1288924;2013-04-26;Sexta;06:00:00;RJ;101;327.0;NITEROI;Outras;Colisao lateral;Sem Vitimas;Pleno dia
1288988;2013-01-22;Terca;09:00:00;RJ;101;331.0;RIO DE JANEIRO;Nao guardar distancia de seguranca;Colisao traseira;Sem Vitimas;Pleno dia
1289085;2013-04-26;Sexta;17:45:00;RJ;101;313.0;SAO GONCALO;Outras;Colisao traseira;Sem Vitimas;Plena noite
1289089;2013-04-26;Sexta;15:00:00;RJ;101;323.0;NITEROI;Outras;Colisao lateral;Com Vitimas Feridas;Pleno dia
1289200;2013-04-26;Sexta;21:25:00;RJ;101;332.0;NITEROI;Outras;Colisao lateral;Sem Vitimas;Plena noite
1289265;2013-04-27;Sabado;12:45:00;RJ;101;304.0;SAO GONCALO;Falta de atencao;Colisao traseira;Sem Vitimas;Pleno dia
1289438;2013-04-27;Sabado;20:56:00;RJ;101;328.0;RIO DE JANEIRO;Velocidade incompativel;Colisao com objeto fixo;Com Vitimas Feridas;Plena noite
1289441;2013-04-24;Quarta;00:40:00;RJ;101;333.0;RIO DE JANEIRO;Defeito mecanico em veiculo;Colisao traseira;Sem Vitimas;Plena noite
1289517;2013-04-28;Domingo;02:11:00;RJ;101;315.0;SAO GONCALO;Outras;Saida de Pista;Sem Vitimas;Plena noite
1289604;2013-04-28;Domingo;06:15:00;RJ;101;312.0;SAO GONCALO;Outras;Colisao com objeto fixo;Sem Vitimas;Pleno dia
1289655;2013-04-24;Quarta;08:15:00;RJ;101;322.0;NITEROI;Outras;Colisao lateral;Com Vitimas Feridas;Pleno dia
1289761;2013-04-28;Domingo;14:00:00;RJ;101;320.0;NITEROI;Outras;Colisao traseira;Sem Vitimas;Pleno dia
1290037;2013-04-28;Domingo;18:20:00;RJ;101;318.0;SAO GONCALO;Falta de atencao;Colisao traseira;Sem Vitimas;Plena noite
1290101;2013-04-29;Segunda;07:29:00;RJ;101;322.0;RIO DE JANEIRO;Nao guardar distancia de seguranca;Colisao traseira;Sem Vitimas;Amanhecer
1290214;2013-04-29;Segunda;10:20:00;RJ;101;333.0;RIO DE JANEIRO;Outras;Colisao traseira;Sem Vitimas;Pleno dia
1290252;2013-04-29;Segunda;09:20:00;RJ;101;319.0;SAO GONCALO;Outras;Colisao traseira;Com Vitimas Feridas;Pleno dia
1290360;2013-04-29;Segunda;14:30:00;RJ;101;333.0;NITEROI;Outras;Colisao lateral;Sem Vitimas;Pleno dia
1290397;2013-04-29;Segunda;14:19:00;RJ;101;333.0;RIO DE JANEIRO;Outras;Colisao traseira;Sem Vitimas;Pleno dia
1290730;2013-04-27;Sabado;04:30:00;RJ;101;307.5;SAO GONCALO;Outras;Colisao com objeto fixo;Sem Vitimas;Plena noite
1290736;2013-04-27;Sabado;05:00:00;RJ;101;319.0;SAO GONCALO;Ingestao de alcool;Colisao com objeto fixo;Sem Vitimas;Plena noite
1290794;2013-02-09;Sabado;09:09:00;RJ;101;323.0;NITEROI;Desobediencia a sinalizacao;Colisao lateral;Sem Vitimas;Pleno dia
1290925;2013-04-30;Terca;12:00:00;RJ;101;320.5;NITEROI;Outras;Colisao traseira;Sem Vitimas;Pleno dia
1291005;2013-04-30;Terca;15:35:00;RJ;101;308.0;SAO GONCALO;Outras;Colisao lateral;Sem Vitimas;Pleno dia
1291092;2013-04-30;Terca;18:30:00;RJ;101;314.0;SAO GONCALO;Outras;Tombamento;Sem Vitimas;Plena noite
1291114;2013-04-26;Sexta;14:10:00;RJ;101;332.0;RIO DE JANEIRO;Outras;Colisao com objeto movel;Sem Vitimas;Pleno dia
1291176;2013-04-29;Segunda;18:05:00;RJ;101;317.0;SAO GONCALO;Outras;Colisao traseira;Sem Vitimas;Plena noite
1291355;2013-04-30;Terca;07:45:00;RJ;101;333.0;RIO DE JANEIRO;Outras;Colisao lateral;Sem Vitimas;Amanhecer
1291413;2013-05-01;Quarta;09:30:00;RJ;101;310.0;SAO GONCALO;Outras;Atropelamento de pessoa;Com Vitimas Feridas;Pleno dia
1291423;2013-05-01;Quarta;10:30:00;RJ;101;318.0;SAO GONCALO;Falta de atencao;Colisao com objeto fixo;Sem Vitimas;Pleno dia
1291682;2013-05-01;Quarta;19:25:00;RJ;101;328.0;NITEROI;Falta de atencao;Colisao lateral;Sem Vitimas;Plena noite
1291823;2013-05-02;Quinta;08:30:00;RJ;101;322.0;NITEROI;Outras;Colisao lateral;Sem Vitimas;Pleno dia
1291840;2013-03-30;Sabado;17:20:00;RJ;101;319.0;SAO GONCALO;Outras;Colisao traseira;Sem Vitimas;Anoitecer
1291842;2013-05-02;Quinta;08:00:00;RJ;101;322.0;NITEROI;Outras;Colisao lateral;Sem Vitimas;Pleno dia
1291844;2013-04-28;Domingo;15:40:00;RJ;101;334.0;RIO DE JANEIRO;Outras;Colisao traseira;Sem Vitimas;Pleno dia
1291856;2013-05-02;Quinta;08:45:00;RJ;101;323.0;NITEROI;Outras;Colisao traseira;Sem Vitimas;Pleno dia
1292130;2013-04-28;Domingo;08:35:00;RJ;101;323.0;NITEROI;Falta de atencao;Colisao traseira;Sem Vitimas;Pleno dia
1292179;2013-05-02;Quinta;20:00:00;RJ;101;320.0;NITEROI;Outras;Colisao traseira;Sem Vitimas;Plena noite
1292218;2013-05-02;Quinta;21:20:00;RJ;101;305.0;SAO GONCALO;Outras;Colisao com objeto movel;Sem Vitimas;Plena noite
1292243;2013-05-02;Quinta;22:40:00;RJ;101;304.0;SAO GONCALO;Outras;Colisao com objeto movel;Sem Vitimas;Plena noite
1292378;2013-05-03;Sexta;09:30:00;RJ;101;334.0;RIO DE JANEIRO;Outras;Colisao lateral;Sem Vitimas;Pleno dia
1292398;2013-05-03;Sexta;08:25:00;RJ;101;319.0;SAO GONCALO;Outras;Colisao lateral;Com Vitimas Feridas;Pleno dia
1292574;2013-05-03;Sexta;16:00:00;RJ;101;328.0;RIO DE JANEIRO;Outras;Colisao traseira;Sem Vitimas;Anoitecer
1292862;2013-04-30;Terca;20:30:00;RJ;101;333.0;RIO DE JANEIRO;Outras;Colisao lateral;Sem Vitimas;Plena noite
1293248;2013-05-05;Domingo;00:30:00;RJ;101;321.0;NITEROI;Outras;Atropelamento de pessoa;Com Vitimas Feridas;Plena noite
1293526;2013-05-05;Domingo;16:30:00;RJ;101;313.0;SAO GONCALO;Outras;Saida de Pista;Com Vitimas Feridas;Pleno dia
1293556;2013-05-05;Domingo;19:00:00;RJ;101;318.0;SAO GONCALO;Outras;Colisao traseira;Sem Vitimas;Plena noite
1293693;2013-05-06;Segunda;02:20:00;RJ;101;318.5;SAO GONCALO;Defeito mecanico em veiculo;Colisao com objeto fixo;Sem Vitimas;Plena noite
1293764;2013-05-02;Quinta;20:10:00;RJ;101;322.0;NITEROI;Outras;Colisao traseira;Sem Vitimas;Plena noite
1293834;2013-05-06;Segunda;08:40:00;RJ;101;327.0;RIO DE JANEIRO;Outras;Colisao traseira;Sem Vitimas;Pleno dia
1293946;2013-05-02;Quinta;18:36:00;RJ;101;319.0;SAO GONCALO;Outras;Colisao traseira;Sem Vitimas;Plena noite
1293972;2013-05-02;Quinta;18:30:00;RJ;101;320.0;SAO GONCALO;Outras;Colisao traseira;Sem Vitimas;Plena noite
1294071;2013-05-06;Segunda;22:10:00;RJ;101;332.0;RIO DE JANEIRO;Nao guardar distancia de seguranca;Colisao traseira;Com Vitimas Feridas;Plena noite
1294214;2013-05-07;Terca;11:30:00;RJ;101;319.0;SAO GONCALO;Outras;Colisao traseira;Sem Vitimas;Pleno dia
1294366;2013-05-04;Sabado;00:30:00;RJ;101;316.0;SAO GONCALO;Outras;Saida de Pista;Sem Vitimas;Plena noite
1294397;2013-05-07;Terca;19:00:00;RJ;101;322.0;NITEROI;Outras;Colisao lateral;Sem Vitimas;Plena noite
1294682;2013-05-05;Domingo;02:20:00;RJ;101;321.0;NITEROI;Ingestao de alcool;Colisao lateral;Sem Vitimas;Plena noite
1295104;2013-05-08;Quarta;17:30:00;RJ;101;326.0;NITEROI;Falta de atencao;Colisao traseira;Com Vitimas Feridas;Anoitecer
1295185;2013-05-08;Quarta;06:50:00;RJ;101;318.0;SAO GONCALO;Outras;Colisao traseira;Sem Vitimas;Amanhecer
1295379;2013-01-25;Sexta;23:00:00;RJ;101;322.0;NITEROI;Falta de atencao;Colisao lateral;Sem Vitimas;Plena noite
1295562;2013-05-09;Quinta;17:50:00;RJ;101;308.0;SAO GONCALO;Falta de atencao;Colisao lateral;Sem Vitimas;Anoitecer
1295706;2013-05-09;Quinta;19:15:00;RJ;101;327.0;RIO DE JANEIRO;Falta de atencao;Colisao traseira;Com Vitimas Feridas;Plena noite
1295729;2013-05-09;Quinta;23:54:00;RJ;101;334.0;RIO DE JANEIRO;Falta de atencao;Colisao traseira;Sem Vitimas;Plena noite
1295778;2013-05-10;Sexta;04:11:00;RJ;101;333.0;RIO DE JANEIRO;Defeito mecanico em veiculo;Colisao com objeto movel;Sem Vitimas;Plena noite
1295803;2013-05-02;Quinta;11:20:00;RJ;101;320.0;NITEROI;Falta de atencao;Colisao lateral;Sem Vitimas;Pleno dia
1295811;2013-05-06;Segunda;11:50:00;RJ;101;320.0;NITEROI;Outras;Colisao lateral;Sem Vitimas;Pleno dia
1296207;2013-05-10;Sexta;18:00:00;RJ;101;320.0;NITEROI;Nao guardar distancia de seguranca;Colisao traseira;Sem Vitimas;Plena noite
1296265;2013-05-10;Sexta;20:20:00;RJ;101;328.0;RIO DE JANEIRO;Nao guardar distancia de seguranca;Colisao lateral;Sem Vitimas;Plena noite
1296595;2013-05-11;Sabado;10:50:00;RJ;101;321.0;NITEROI;Falta de atencao;Colisao lateral;Sem Vitimas;Pleno dia
1296604;2013-05-11;Sabado;11:30:00;RJ;101;308.0;SAO GONCALO;Outras;Colisao traseira;Sem Vitimas;Pleno dia
1296627;2013-05-11;Sabado;10:30:00;RJ;101;322.0;NITEROI;Outras;Queda de motocicleta / bicicleta / veiculo;Com Vitimas Feridas;Pleno dia
1296651;2013-05-11;Sabado;13:30:00;RJ;101;334.0;RIO DE JANEIRO;Falta de atencao;Colisao traseira;Sem Vitimas;Pleno dia
1296678;2013-05-11;Sabado;14:30:00;RJ;101;330.0;RIO DE JANEIRO;Falta de atencao;Colisao traseira;Sem Vitimas;Pleno dia
1296707;2013-05-11;Sabado;16:00:00;RJ;101;322.0;NITEROI;Outras;Colisao traseira;Sem Vitimas;Pleno dia
1296750;2013-05-11;Sabado;18:15:00;RJ;101;326.0;NITEROI;Outras;Colisao traseira;Sem Vitimas;Plena noite
1296763;2013-05-11;Sabado;18:30:00;RJ;101;315.0;SAO GONCALO;Outras;Colisao traseira;Sem Vitimas;Plena noite
1296780;2013-05-11;Sabado;18:20:00;RJ;101;316.0;SAO GONCALO;Outras;Capotamento;Com Vitimas Feridas;Plena noite
1297313;2013-05-12;Domingo;18:10:00;RJ;101;312.0;SAO GONCALO;Outras;Colisao lateral;Com Vitimas Feridas;Anoitecer
1297461;2013-05-13;Segunda;07:00:00;RJ;101;313.0;SAO GONCALO;Falta de atencao;Colisao traseira;Sem Vitimas;Pleno dia
1297500;2013-05-13;Segunda;08:00:00;RJ;101;316.0;SAO GONCALO;Falta de atencao;Colisao traseira;Sem Vitimas;Pleno dia
1297611;2013-05-13;Segunda;11:30:00;RJ;101;318.0;SAO GONCALO;Falta de atencao;Colisao traseira;Sem Vitimas;Pleno dia
1297658;2013-05-13;Segunda;12:40:00;RJ;101;322.0;NITEROI;Falta de atencao;Colisao lateral;Sem Vitimas;Pleno dia
1297855;2013-05-13;Segunda;18:00:00;RJ;101;311.0;SAO GONCALO;Nao guardar distancia de seguranca;Colisao traseira;Sem Vitimas;Plena noite
1297997;2013-05-13;Segunda;17:30:00;RJ;101;321.0;NITEROI;Falta de atencao;Colisao traseira;Com Vitimas Feridas;Anoitecer
1298102;2013-05-10;Sexta;20:50:00;RJ;101;328.0;NITEROI;Outras;Colisao traseira;Sem Vitimas;Pleno dia
1298383;2013-05-10;Sexta;22:10:00;RJ;101;322.0;NITEROI;Outras;Colisao lateral;Sem Vitimas;Plena noite
1298567;2013-05-07;Terca;09:45:00;RJ;101;319.0;SAO GONCALO;Falta de atencao;Colisao traseira;Sem Vitimas;Pleno dia
1298609;2013-05-14;Terca;20:15:00;RJ;101;314.0;SAO GONCALO;Outras;Colisao traseira;Sem Vitimas;Plena noite
1298769;2013-05-15;Quarta;08:35:00;RJ;101;310.0;SAO GONCALO;Outras;Colisao lateral;Sem Vitimas;Pleno dia
1298837;2013-05-15;Quarta;11:00:00;RJ;101;334.0;RIO DE JANEIRO;Outras;Colisao lateral;Sem Vitimas;Pleno dia
1298845;2013-05-15;Quarta;08:00:00;RJ;101;319.0;SAO GONCALO;Outras;Colisao lateral;Com Vitimas Feridas;Pleno dia
1299084;2013-05-15;Quarta;19:20:00;RJ;101;322.0;NITEROI;Nao guardar distancia de seguranca;Colisao com objeto movel;Sem Vitimas;Plena noite
1299148;2013-05-15;Quarta;19:15:00;RJ;101;307.0;SAO GONCALO;Outras;Colisao com bicicleta;Com Vitimas Feridas;Plena noite
1299185;2013-05-06;Segunda;16:40:00;RJ;101;307.0;SAO GONCALO;Outras;Colisao lateral;Sem Vitimas;Pleno dia
1299317;2013-05-16;Quinta;07:10:00;RJ;101;322.0;NITEROI;Outras;Colisao traseira;Sem Vitimas;Pleno dia
1299405;2013-05-11;Sabado;04:19:00;RJ;101;303.0;SAO GONCALO;Outras;Colisao Transversal;Sem Vitimas;Plena noite
1299408;2013-05-16;Quinta;11:15:00;RJ;101;305.0;SAO GONCALO;Nao guardar distancia de seguranca;Colisao traseira;Sem Vitimas;Pleno dia
1299544;2013-05-10;Sexta;23:00:00;RJ;101;321.0;NITEROI;Falta de atencao;Colisao lateral;Sem Vitimas;Plena noite
1299579;2013-05-16;Quinta;17:00:00;RJ;101;322.0;NITEROI;Outras;Colisao traseira;Sem Vitimas;Anoitecer
1299618;2013-05-16;Quinta;15:38:00;RJ;101;322.0;NITEROI;Outras;Colisao traseira;Sem Vitimas;Pleno dia
1299718;2013-05-16;Quinta;15:00:00;RJ;101;324.0;NITEROI;Outras;Colisao traseira;Com Vitimas Fatais;Pleno dia
1299747;2013-05-16;Quinta;20:20:00;RJ;101;322.0;NITEROI;Outras;Colisao lateral;Sem Vitimas;Plena noite
1299792;2013-05-16;Quinta;18:30:00;RJ;101;322.0;NITEROI;Outras;Colisao lateral;Sem Vitimas;Anoitecer
1299832;2013-05-16;Quinta;22:40:00;RJ;101;306.0;SAO GONCALO;Falta de atencao;Atropelamento de pessoa;Com Vitimas Feridas;Plena noite
1300023;2013-05-17;Sexta;11:40:00;RJ;101;319.0;SAO GONCALO;Falta de atencao;Colisao traseira;Sem Vitimas;Pleno dia
1300137;2013-05-17;Sexta;16:00:00;RJ;101;316.0;SAO GONCALO;Outras;Colisao traseira;Sem Vitimas;Pleno dia
1300139;2013-05-17;Sexta;15:00:00;RJ;101;301.0;SAO GONCALO;Nao guardar distancia de seguranca;Colisao lateral;Sem Vitimas;Pleno dia
1300164;2013-05-17;Sexta;03:20:00;RJ;101;317.0;SAO GONCALO;Outras;Saida de Pista;Sem Vitimas;Plena noite
1300174;2013-05-17;Sexta;17:50:00;RJ;101;334.0;RIO DE JANEIRO;Falta de atencao;Colisao lateral;Sem Vitimas;Anoitecer
1300290;2013-05-17;Sexta;20:10:00;RJ;101;319.0;SAO GONCALO;Falta de atencao;Colisao traseira;Sem Vitimas;Plena noite
1300302;2013-05-17;Sexta;20:37:00;RJ;101;321.0;NITEROI;Nao guardar distancia de seguranca;Colisao lateral;Sem Vitimas;Plena noite
1300312;2013-05-17;Sexta;20:30:00;RJ;101;317.0;SAO GONCALO;Falta de atencao;Saida de Pista;Sem Vitimas;Pleno dia
1300332;2013-05-17;Sexta;20:00:00;RJ;101;325.0;NITEROI;Nao guardar distancia de seguranca;Colisao traseira;Sem Vitimas;Plena noite
1300564;2013-05-18;Sabado;11:40:00;RJ;101;320.0;NITEROI;Outras;Colisao com objeto movel;Sem Vitimas;Pleno dia
1300613;2013-05-18;Sabado;12:30:00;RJ;101;332.0;RIO DE JANEIRO;Nao guardar distancia de seguranca;Colisao traseira;Sem Vitimas;Pleno dia
1300981;2013-05-19;Domingo;09:00:00;RJ;101;325.0;NITEROI;Outras;Colisao traseira;Com Vitimas Feridas;Pleno dia
1301056;2013-05-19;Domingo;11:00:00;RJ;101;321.0;NITEROI;Outras;Colisao lateral;Sem Vitimas;Pleno dia
1301146;2013-05-19;Domingo;16:00:00;RJ;101;316.0;SAO GONCALO;Outras;Saida de Pista;Sem Vitimas;Pleno dia
1301150;2013-05-19;Domingo;16:36:00;RJ;101;332.0;RIO DE JANEIRO;Falta de atencao;Colisao traseira;Sem Vitimas;Pleno dia
1301181;2013-05-19;Domingo;17:30:00;RJ;101;299.0;SAO GONCALO;Outras;Colisao traseira;Sem Vitimas;Anoitecer
1301244;2013-05-19;Domingo;19:15:00;RJ;101;333.0;NITEROI;Outras;Queda de motocicleta / bicicleta / veiculo;Sem Vitimas;Anoitecer
1301645;2013-05-20;Segunda;10:20:00;RJ;101;304.0;SAO GONCALO;Outras;Colisao traseira;Sem Vitimas;Pleno dia
1301647;2013-05-16;Quinta;07:30:00;RJ;101;322.0;NITEROI;Outras;Danos Eventuais;Sem Vitimas;Pleno dia
1301670;2013-05-20;Segunda;15:00:00;RJ;101;308.0;SAO GONCALO;Outras;Colisao traseira;Sem Vitimas;Pleno dia
1301832;2013-05-16;Quinta;20:10:00;RJ;101;322.0;NITEROI;Outras;Colisao lateral;Sem Vitimas;Plena noite
1301916;2013-05-21;Terca;03:00:00;RJ;101;321.5;NITEROI;Falta de atencao;Colisao traseira;Sem Vitimas;Plena noite
1301996;2013-05-21;Terca;08:40:00;RJ;101;314.0;SAO GONCALO;Nao guardar distancia de seguranca;Colisao lateral;Com Vitimas Feridas;Pleno dia
1302193;2013-05-21;Terca;17:00:00;RJ;101;303.0;SAO GONCALO;Outras;Tombamento;Sem Vitimas;Pleno dia
1302237;2013-05-21;Terca;19:00:00;RJ;101;318.0;SAO GONCALO;Nao guardar distancia de seguranca;Colisao traseira;Sem Vitimas;Plena noite
1302280;2013-05-13;Segunda;09:15:00;RJ;101;325.0;NITEROI;Falta de atencao;Colisao traseira;Com Vitimas Feridas;Pleno dia
1302369;2013-05-22;Quarta;01:11:00;RJ;101;315.0;SAO GONCALO;Outras;Saida de Pista;Com Vitimas Feridas;Plena noite
1302459;2013-05-22;Quarta;07:10:00;RJ;101;334.0;RIO DE JANEIRO;Outras;Colisao traseira;Sem Vitimas;Pleno dia
1302609;2013-05-22;Quarta;10:00:00;RJ;101;330.0;RIO DE JANEIRO;Animais na Pista;Colisao traseira;Sem Vitimas;Pleno dia
1302681;2013-05-22;Quarta;16:30:00;RJ;101;330.0;RIO DE JANEIRO;Outras;Colisao lateral;Sem Vitimas;Pleno dia
1302796;2013-05-22;Quarta;20:30:00;RJ;101;322.0;NITEROI;Outras;Colisao lateral;Sem Vitimas;Plena noite
1303028;2013-05-23;Quinta;07:00:00;RJ;101;330.0;RIO DE JANEIRO;Falta de atencao;Colisao com objeto fixo;Com Vitimas Feridas;Pleno dia
1303268;2013-05-23;Quinta;18:00:00;RJ;101;322.0;NITEROI;Outras;Colisao lateral;Sem Vitimas;Plena noite
1303295;2013-05-23;Quinta;19:30:00;RJ;101;328.0;NITEROI;Nao guardar distancia de seguranca;Colisao lateral;Sem Vitimas;Anoitecer
1303393;2013-05-23;Quinta;21:00:00;RJ;101;319.0;SAO GONCALO;Outras;Colisao traseira;Sem Vitimas;Plena noite
1303501;2013-05-24;Sexta;07:30:00;RJ;101;312.0;SAO GONCALO;Outras;Saida de Pista;Sem Vitimas;Amanhecer
1303505;2013-05-24;Sexta;05:50:00;RJ;101;326.0;RIO DE JANEIRO;Outras;Colisao traseira;Sem Vitimas;Amanhecer
1303580;2013-05-24;Sexta;11:00:00;RJ;101;325.0;NITEROI;Outras;Colisao lateral;Sem Vitimas;Pleno dia