id;data_inversa;dia_semana;horario;uf;br;km;municipio;causa_acidente;tipo_acidente;classificacao_acidente;fase_dia
1303642;2013-05-24;Sexta;06:10:00;RJ;101;316.0;SAO GONCALO;Outras;Colisao lateral;Sem Vitimas;Pleno dia
1303657;2013-05-24;Sexta;14:30:00;RJ;101;333.0;RIO DE JANEIRO;Outras;Colisao traseira;Sem Vitimas;Pleno dia
1303679;2013-05-24;Sexta;14:53:00;RJ;101;321.0;NITEROI;Outras;Colisao traseira;Sem Vitimas;Pleno dia
1303693;2013-05-24;Sexta;16:00:00;RJ;101;317.0;SAO GONCALO;Outras;Colisao traseira;Sem Vitimas;Pleno dia
1303719;2013-05-24;Sexta;07:00:00;RJ;101;315.0;SAO GONCALO;Outras;Queda de motocicleta / bicicleta / veiculo;Sem Vitimas;Pleno dia
1303743;2013-05-20;Segunda;07:50:00;RJ;101;322.0;NITEROI;Falta de atencao;Colisao traseira;Sem Vitimas;Pleno dia
1303818;2013-05-24;Sexta;18:15:00;RJ;101;323.0;NITEROI;Falta de atencao;Colisao traseira;Sem Vitimas;Plena noite
1303827;2013-05-20;Segunda;13:00:00;RJ;101;321.0;NITEROI;Outras;Colisao traseira;Sem Vitimas;Pleno dia
1303833;2013-03-29;Sexta;13:25:00;RJ;101;326.0;NITEROI;Outras;Colisao traseira;Com Vitimas Feridas;Pleno dia
1303900;2013-05-24;Sexta;16:00:00;RJ;101;318.0;SAO GONCALO;Outras;Colisao traseira;Sem Vitimas;Pleno dia
1303929;2013-05-24;Sexta;22:20:00;RJ;101;323.0;NITEROI;Outras;Colisao traseira;Sem Vitimas;Plena noite
1304104;2013-05-25;Sabado;05:10:00;RJ;101;321.8;NITEROI;Velocidade incompativel;Colisao com objeto fixo;Sem Vitimas;Plena noite
1304272;2013-05-25;Sabado;18:00:00;RJ;101;319.0;SAO GONCALO;Nao guardar distancia de seguranca;Colisao traseira;Sem Vitimas;Plena noite
1304341;2013-05-25;Sabado;18:30:00;RJ;101;323.0;NITEROI;Falta de atencao;Colisao traseira;Com Vitimas Feridas;Plena noite
1304466;2013-05-22;Quarta;20:20:00;RJ;101;322.0;NITEROI;Outras;Colisao lateral;Sem Vitimas;Plena noite
1304576;2013-05-26;Domingo;06:30:00;RJ;101;313.0;SAO GONCALO;Outras;Capotamento;Com Vitimas Feridas;Pleno dia
1304731;2013-05-14;Terca;19:30:00;RJ;101;311.0;SAO GONCALO;Outras;Colisao com objeto fixo;Com Vitimas Feridas;Plena noite
1304760;2013-05-15;Quarta;01:15:00;RJ;101;304.0;SAO GONCALO;Dormindo;Colisao com objeto fixo;Sem Vitimas;Plena noite
1304791;2013-05-26;Domingo;21:00:00;RJ;101;326.0;NITEROI;Outras;Colisao traseira;Com Vitimas Feridas;Plena noite
1304799;2013-05-22;Quarta;07:30:00;RJ;101;316.0;SAO GONCALO;Outras;Colisao lateral;Sem Vitimas;Pleno dia
1304908;2013-05-27;Segunda;06:30:00;RJ;101;334.0;RIO DE JANEIRO;Outras;Colisao lateral;Sem Vitimas;Pleno dia
1305206;2013-05-27;Segunda;16:20:00;RJ;101;325.0;NITEROI;Outras;Colisao lateral;Sem Vitimas;Pleno dia
1305309;2013-05-27;Segunda;19:50:00;RJ;101;321.0;NITEROI;Outras;Colisao lateral;Sem Vitimas;Plena noite
1305405;2013-05-27;Segunda;22:30:00;RJ;101;320.0;NITEROI;Outras;Tombamento;Sem Vitimas;Plena noite
1305491;2013-05-28;Terca;07:30:00;RJ;101;320.0;NITEROI;Outras;Colisao lateral;Sem Vitimas;Pleno dia
1305549;2013-05-24;Sexta;11:00:00;RJ;101;321.0;NITEROI;Outras;Colisao lateral;Sem Vitimas;Pleno dia
1305629;2013-05-28;Terca;09:23:00;RJ;101;314.0;SAO GONCALO;Outras;Colisao lateral;Sem Vitimas;Pleno dia
1305631;2013-05-28;Terca;09:50:00;RJ;101;333.0;RIO DE JANEIRO;Outras;Colisao traseira;Sem Vitimas;Pleno dia
1305647;2013-05-28;Terca;12:05:00;RJ;101;319.0;SAO GONCALO;Outras;Colisao traseira;Sem Vitimas;Pleno dia
1305713;2013-05-28;Terca;14:20:00;RJ;101;308.0;SAO GONCALO;Nao guardar distancia de seguranca;Colisao lateral;Sem Vitimas;Pleno dia
1305731;2013-05-28;Terca;08:20:00;RJ;101;333.0;RIO DE JANEIRO;Outras;Colisao traseira;Sem Vitimas;Pleno dia
1305762;2013-05-28;Terca;15:30:00;RJ;101;306.0;SAO GONCALO;Outras;Colisao traseira;Sem Vitimas;Pleno dia
1305769;2013-05-28;Terca;13:50:00;RJ;101;330.0;RIO DE JANEIRO;Outras;Colisao lateral;Sem Vitimas;Pleno dia
1305953;2013-05-24;Sexta;19:30:00;RJ;101;321.5;NITEROI;Outras;Colisao traseira;Com Vitimas Feridas;Plena noite
1305965;2013-05-28;Terca;05:30:00;RJ;101;332.0;RIO DE JANEIRO;Outras;Colisao traseira;Sem Vitimas;Amanhecer
1306002;2013-05-28;Terca;21:00:00;RJ;101;322.0;NITEROI;Desobediencia a sinalizacao;Colisao traseira;Sem Vitimas;Plena noite
1306004;2013-05-28;Terca;18:39:00;RJ;101;323.0;NITEROI;Outras;Colisao traseira;Com Vitimas Feridas;Plena noite
1306099;2013-05-29;Quarta;08:30:00;RJ;101;319.0;SAO GONCALO;Outras;Colisao lateral;Com Vitimas Feridas;Pleno dia
1306187;2013-05-29;Quarta;09:30:00;RJ;101;321.0;NITEROI;Nao guardar distancia de seguranca;Colisao traseira;Sem Vitimas;Pleno dia
1306277;2013-05-29;Quarta;12:00:00;RJ;101;318.0;SAO GONCALO;Outras;Colisao traseira;Sem Vitimas;Pleno dia
1306337;2013-05-29;Quarta;19:00:00;RJ;101;322.0;NITEROI;Nao guardar distancia de seguranca;Colisao traseira;Sem Vitimas;Plena noite
1306351;2013-05-29;Quarta;19:20:00;RJ;101;322.0;NITEROI;Falta de atencao;Colisao lateral;Sem Vitimas;Plena noite
1306372;2013-05-29;Quarta;16:00:00;RJ;101;323.0;NITEROI;Falta de atencao;Colisao traseira;Sem Vitimas;Pleno dia
1306420;2013-05-25;Sabado;12:38:00;RJ;101;333.0;RIO DE JANEIRO;Nao guardar distancia de seguranca;Colisao traseira;Com Vitimas Feridas;Pleno dia
1306672;2013-05-30;Quinta;08:36:00;RJ;101;320.0;NITEROI;Outras;Colisao lateral;Com Vitimas Feridas;Pleno dia
1306786;2013-05-30;Quinta;06:30:00;RJ;101;322.0;NITEROI;Outras;Colisao traseira;Sem Vitimas;Amanhecer
1306907;2013-05-22;Quarta;18:20:00;RJ;101;317.0;SAO GONCALO;Outras;Colisao traseira;Com Vitimas Feridas;Plena noite
1307111;2013-05-31;Sexta;00:30:00;RJ;101;327.0;RIO DE JANEIRO;Outras;Colisao traseira;Sem Vitimas;Plena noite
1307140;2013-05-31;Sexta;03:00:00;RJ;101;320.0;NITEROI;Velocidade incompativel;Saida de Pista;Sem Vitimas;Plena noite
1307322;2013-05-31;Sexta;12:38:00;RJ;101;331.0;RIO DE JANEIRO;Nao guardar distancia de seguranca;Colisao traseira;Sem Vitimas;Pleno dia
1307519;2013-05-31;Sexta;18:03:00;RJ;101;334.0;RIO DE JANEIRO;Falta de atencao;Colisao traseira;Sem Vitimas;Anoitecer
1307749;2013-06-01;Sabado;04:30:00;RJ;101;319.0;SAO GONCALO;Outras;Saida de Pista;Sem Vitimas;Amanhecer
1307906;2013-06-01;Sabado;14:10:00;RJ;101;323.0;NITEROI;Falta de atencao;Colisao traseira;Sem Vitimas;Pleno dia
1307922;2013-06-01;Sabado;08:45:00;RJ;101;321.0;NITEROI;Outras;Colisao traseira;Sem Vitimas;Pleno dia
1307966;2013-06-01;Sabado;16:25:00;RJ;101;307.0;SAO GONCALO;Velocidade incompativel;Colisao traseira;Sem Vitimas;Pleno dia
1308019;2013-06-01;Sabado;16:00:00;RJ;101;311.0;SAO GONCALO;Animais na Pista;Atropelamento de animal;Sem Vitimas;Pleno dia
1308517;2013-06-02;Domingo;18:15:00;RJ;101;301.0;SAO GONCALO;Nao guardar distancia de seguranca;Colisao traseira;Sem Vitimas;Plena noite
1308530;2013-06-02;Domingo;17:49:00;RJ;101;313.0;SAO GONCALO;Outras;Colisao lateral;Com Vitimas Feridas;Plena noite
1308704;2013-06-02;Domingo;23:20:00;RJ;101;307.0;SAO GONCALO;Outras;Atropelamento de pessoa;Com Vitimas Feridas;Plena noite
1308797;2013-05-30;Quinta;07:30:00;RJ;101;320.0;NITEROI;Outras;Colisao traseira;Sem Vitimas;Pleno dia
1308811;2013-05-22;Quarta;08:30:00;RJ;101;317.0;SAO GONCALO;Outras;Colisao lateral;Sem Vitimas;Pleno dia
1308888;2013-06-03;Segunda;09:30:00;RJ;101;327.0;RIO DE JANEIRO;Nao guardar distancia de seguranca;Colisao traseira;Sem Vitimas;Pleno dia
1308913;2013-06-03;Segunda;09:20:00;RJ;101;312.0;SAO GONCALO;Outras;Colisao traseira;Sem Vitimas;Pleno dia
1309018;2013-06-03;Segunda;09:30:00;RJ;101;316.0;SAO GONCALO;Falta de atencao;Colisao traseira;Com Vitimas Feridas;Pleno dia
1309201;2013-06-03;Segunda;20:10:00;RJ;101;326.0;NITEROI;Outras;Colisao traseira;Com Vitimas Feridas;Plena noite
1309382;2013-06-04;Terca;08:40:00;RJ;101;322.0;NITEROI;Outras;Queda de motocicleta / bicicleta / veiculo;Sem Vitimas;Pleno dia
1309385;2013-06-04;Terca;08:09:00;RJ;101;322.0;NITEROI;Outras;Colisao com objeto fixo;Sem Vitimas;Pleno dia
1309390;2013-06-04;Terca;07:45:00;RJ;101;309.0;SAO GONCALO;Animais na Pista;Colisao traseira;Sem Vitimas;Pleno dia
1309452;2013-06-04;Terca;10:56:00;RJ;101;333.0;RIO DE JANEIRO;Outras;Colisao com objeto movel;Sem Vitimas;Pleno dia
1309618;2013-06-04;Terca;17:40:00;RJ;101;324.0;NITEROI;Nao guardar distancia de seguranca;Colisao traseira;Sem Vitimas;Anoitecer
1309669;2013-06-04;Terca;18:30:00;RJ;101;320.0;NITEROI;Outras;Colisao lateral;Sem Vitimas;Anoitecer
1310020;2013-06-05;Quarta;11:30:00;RJ;101;330.0;RIO DE JANEIRO;Falta de atencao;Colisao traseira;Com Vitimas Fatais;Pleno dia
1310184;2013-06-05;Quarta;18:20:00;RJ;101;305.0;SAO GONCALO;Outras;Colisao com bicicleta;Com Vitimas Feridas;Plena noite
1310207;2013-06-05;Quarta;20:20:00;RJ;101;321.0;NITEROI;Outras;Colisao lateral;Sem Vitimas;Plena noite
1310254;2013-06-05;Quarta;11:00:00;RJ;101;319.0;SAO GONCALO;Outras;Colisao com objeto fixo;Sem Vitimas;Pleno dia
1310399;2013-06-06;Quinta;06:20:00;RJ;101;313.0;SAO GONCALO;Outras;Colisao traseira;Sem Vitimas;Pleno dia
1310400;2013-06-06;Quinta;07:30:00;RJ;101;316.0;SAO GONCALO;Desobediencia a sinalizacao;Colisao lateral;Sem Vitimas;Pleno dia
1310604;2013-06-06;Quinta;10:00:00;RJ;101;325.0;NITEROI;Nao guardar distancia de seguranca;Colisao traseira;Com Vitimas Feridas;Pleno dia
1310782;2013-06-06;Quinta;19:00:00;RJ;101;323.0;NITEROI;Defeito mecanico em veiculo;Colisao com objeto movel;Sem Vitimas;Plena noite
1310852;2013-06-06;Quinta;22:12:00;RJ;101;308.0;SAO GONCALO;Outras;Colisao traseira;Sem Vitimas;Plena noite
1310934;2013-06-07;Sexta;01:40:00;RJ;101;332.0;RIO DE JANEIRO;Velocidade incompativel;Colisao com objeto fixo;Sem Vitimas;Plena noite
1310968;2013-06-07;Sexta;06:00:00;RJ;101;315.0;SAO GONCALO;Outras;Colisao traseira;Sem Vitimas;Pleno dia
1311078;2013-06-07;Sexta;10:45:00;RJ;101;320.0;NITEROI;Outras;Colisao traseira;Sem Vitimas;Pleno dia
1311115;2013-06-04;Terca;17:40:00;RJ;101;318.0;SAO GONCALO;Outras;Colisao traseira;Sem Vitimas;Plena noite
1311206;2013-06-07;Sexta;16:10:00;RJ;101;326.0;NITEROI;Nao guardar distancia de seguranca;Colisao traseira;Sem Vitimas;Pleno dia
1311381;2013-06-07;Sexta;21:00:00;RJ;101;325.0;NITEROI;Outras;Colisao lateral;Sem Vitimas;Plena noite
1311652;2013-06-08;Sabado;11:00:00;RJ;101;318.0;SAO GONCALO;Outras;Colisao traseira;Sem Vitimas;Pleno dia
1311687;2013-06-08;Sabado;08:00:00;RJ;101;304.0;SAO GONCALO;Outras;Colisao traseira;Sem Vitimas;Pleno dia
1311742;2013-06-08;Sabado;15:00:00;RJ;101;321.0;NITEROI;Outras;Incendio;Sem Vitimas;Pleno dia
1312115;2013-06-09;Domingo;05:50:00;RJ;101;302.0;SAO GONCALO;Desobediencia a sinalizacao;Colisao com objeto fixo;Com Vitimas Feridas;Amanhecer
1312118;2013-06-05;Quarta;14:30:00;RJ;101;334.0;RIO DE JANEIRO;Outras;Colisao lateral;Sem Vitimas;Pleno dia
1312140;2013-06-05;Quarta;14:00:00;RJ;101;330.0;RIO DE JANEIRO;Outras;Colisao traseira;Sem Vitimas;Pleno dia
1312263;2013-06-09;Domingo;17:30:00;RJ;101;306.0;SAO GONCALO;Nao guardar distancia de seguranca;Colisao traseira;Sem Vitimas;Plena noite
1312295;2013-06-09;Domingo;18:40:00;RJ;101;326.0;NITEROI;Outras;Danos Eventuais;Sem Vitimas;Plena noite
1312332;2013-06-09;Domingo;19:10:00;RJ;101;317.0;SAO GONCALO;Nao guardar distancia de seguranca;Colisao traseira;Sem Vitimas;Plena noite
1312631;2013-06-10;Segunda;11:00:00;RJ;101;321.5;NITEROI;Falta de atencao;Colisao lateral;Sem Vitimas;Pleno dia
1312677;2013-06-10;Segunda;06:49:00;RJ;101;329.0;RIO DE JANEIRO;Falta de atencao;Colisao com objeto fixo;Com Vitimas Feridas;Pleno dia
1312758;2013-06-10;Segunda;13:30:00;RJ;101;320.0;NITEROI;Nao guardar distancia de seguranca;Colisao traseira;Sem Vitimas;Pleno dia
1312868;2013-06-10;Segunda;17:40:00;RJ;101;327.0;NITEROI;Falta de atencao;Colisao lateral;Sem Vitimas;Anoitecer
1312906;2013-06-10;Segunda;17:50:00;RJ;101;313.0;SAO GONCALO;Outras;Colisao lateral;Com Vitimas Feridas;Plena noite
1313082;2013-06-11;Terca;06:00:00;RJ;101;318.0;SAO GONCALO;Outras;Colisao traseira;Sem Vitimas;Pleno dia
1313091;2013-06-08;Sabado;01:50:00;RJ;101;320.0;NITEROI;Falta de atencao;Colisao lateral;Sem Vitimas;Plena noite
1313099;2013-06-08;Sabado;00:10:00;RJ;101;312.0;SAO GONCALO;Outras;Colisao traseira;Com Vitimas Feridas;Plena noite
1313135;2013-06-07;Sexta;19:35:00;RJ;101;305.0;SAO GONCALO;Outras;Colisao com objeto fixo;Sem Vitimas;Plena noite
1313145;2013-06-07;Sexta;19:52:00;RJ;101;303.0;SAO GONCALO;Outras;Colisao traseira;Sem Vitimas;Plena noite
1313306;2013-06-11;Terca;14:00:00;RJ;101;334.0;NITEROI;Outras;Colisao traseira;Sem Vitimas;Pleno dia
1313376;2013-06-08;Sabado;01:45:00;RJ;101;300.0;SAO GONCALO;Outras;Colisao com objeto fixo;Sem Vitimas;Plena noite
1313447;2013-06-11;Terca;17:50:00;RJ;101;321.0;NITEROI;Falta de atencao;Colisao traseira;Sem Vitimas;Anoitecer
1313514;2013-06-07;Sexta;20:00:00;RJ;101;304.0;SAO GONCALO;Desobediencia a sinalizacao;Colisao com bicicleta;Com Vitimas Feridas;Plena noite
1313660;2013-06-12;Quarta;06:40:00;RJ;101;327.0;NITEROI;Falta de atencao;Colisao traseira;Sem Vitimas;Pleno dia
1313668;2013-06-12;Quarta;08:00:00;RJ;101;319.0;SAO GONCALO;Outras;Colisao traseira;Sem Vitimas;Pleno dia
1313748;2013-06-08;Sabado;02:25:00;RJ;101;307.0;SAO GONCALO;Outras;Colisao com bicicleta;Com Vitimas Fatais;Plena noite
1313901;2013-06-12;Quarta;17:20:00;RJ;101;323.0;NITEROI;Nao guardar distancia de seguranca;Colisao traseira;Sem Vitimas;Anoitecer
1313948;2013-06-12;Quarta;18:38:00;RJ;101;325.0;NITEROI;Falta de atencao;Colisao traseira;Sem Vitimas;Plena noite
1313966;2013-06-12;Quarta;19:20:00;RJ;101;315.0;SAO GONCALO;Outras;Colisao traseira;Sem Vitimas;Plena noite
1314220;2013-06-13;Quinta;07:40:00;RJ;101;327.0;RIO DE JANEIRO;Outras;Colisao traseira;Sem Vitimas;Pleno dia
1314242;2013-06-13;Quinta;08:00:00;RJ;101;318.0;SAO GONCALO;Outras;Colisao lateral;Com Vitimas Feridas;Pleno dia
1314289;2013-06-13;Quinta;08:00:00;RJ;101;331.0;RIO DE JANEIRO;Outras;Colisao traseira;Sem Vitimas;Pleno dia
1314301;2013-06-11;Terca;18:30:00;RJ;101;300.0;SAO GONCALO;Outras;Colisao lateral;Sem Vitimas;Anoitecer
1314371;2013-06-13;Quinta;16:15:00;RJ;101;326.0;NITEROI;Outras;Queda de motocicleta / bicicleta / veiculo;Com Vitimas Feridas;Pleno dia
1314747;2013-06-06;Quinta;18:15:00;RJ;101;322.0;NITEROI;Falta de atencao;Colisao lateral;Sem Vitimas;Anoitecer
1314751;2013-06-11;Terca;11:50:00;RJ;101;322.0;NITEROI;Outras;Colisao Transversal;Com Vitimas Feridas;Pleno dia
1314772;2013-06-14;Sexta;06:30:00;RJ;101;334.0;RIO DE JANEIRO;Falta de atencao;Colisao traseira;Com Vitimas Feridas;Amanhecer
1314786;2013-06-14;Sexta;05:50:00;RJ;101;320.0;NITEROI;Outras;Queda de motocicleta / bicicleta / veiculo;Com Vitimas Feridas;Amanhecer
1314880;2013-06-14;Sexta;14:30:00;RJ;101;316.0;SAO GONCALO;Falta de atencao;Colisao lateral;Com Vitimas Feridas;Pleno dia
1314919;2013-06-14;Sexta;15:45:00;RJ;101;318.0;SAO GONCALO;Outras;Saida de Pista;Sem Vitimas;Pleno dia
1314951;2013-06-10;Segunda;12:08:00;RJ;101;334.0;RIO DE JANEIRO;Falta de atencao;Colisao lateral;Sem Vitimas;Pleno dia
1314977;2013-06-14;Sexta;16:00:00;RJ;101;323.0;NITEROI;Defeito mecanico em veiculo;Incendio;Sem Vitimas;Pleno dia
1315107;2013-06-10;Segunda;11:15:00;RJ;101;322.2;NITEROI;Falta de atencao;Colisao lateral;Sem Vitimas;Pleno dia
1315138;2013-06-14;Sexta;19:42:00;RJ;101;324.0;NITEROI;Falta de atencao;Colisao traseira;Sem Vitimas;Plena noite
1315160;2013-06-14;Sexta;23:30:00;RJ;101;304.0;SAO GONCALO;Outras;Colisao com objeto fixo;Sem Vitimas;Plena noite
1315169;2013-06-15;Sabado;00:30:00;RJ;101;316.0;SAO GONCALO;Outras;Capotamento;Sem Vitimas;Plena noite
1315305;2013-06-11;Terca;07:30:00;RJ;101;320.0;NITEROI;Outras;Colisao traseira;Com Vitimas Feridas;Pleno dia
1315306;2013-06-11;Terca;20:55:00;RJ;101;305.0;SAO GONCALO;Outras;Atropelamento de pessoa;Com Vitimas Fatais;Plena noite
1315319;2013-06-15;Sabado;07:53:00;RJ;101;321.0;NITEROI;Falta de atencao;Colisao com objeto fixo;Sem Vitimas;Pleno dia
1315508;2013-06-15;Sabado;10:30:00;RJ;101;318.0;SAO GONCALO;Outras;Colisao traseira;Sem Vitimas;Pleno dia
1315807;2013-06-16;Domingo;06:25:00;RJ;101;326.0;NITEROI;Outras;Colisao traseira;Com Vitimas Feridas;Amanhecer
1315940;2013-06-16;Domingo;14:50:00;RJ;101;333.0;RIO DE JANEIRO;Outras;Colisao traseira;Com Vitimas Feridas;Pleno dia
1315962;2013-06-16;Domingo;16:30:00;RJ;101;322.0;NITEROI;Falta de atencao;Colisao lateral;Sem Vitimas;Pleno dia
1315994;2013-06-16;Domingo;17:50:00;RJ;101;323.0;NITEROI;Nao guardar distancia de seguranca;Colisao traseira;Sem Vitimas;Anoitecer
1316239;2013-06-09;Domingo;23:15:00;RJ;101;322.0;NITEROI;Nao guardar distancia de seguranca;Colisao lateral;Sem Vitimas;Plena noite
1316259;2013-06-17;Segunda;05:50:00;RJ;101;311.0;SAO GONCALO;Falta de atencao;Colisao lateral;Com Vitimas Feridas;Amanhecer
1316260;2013-06-17;Segunda;05:50:00;RJ;101;309.0;SAO GONCALO;Falta de atencao;Colisao traseira;Sem Vitimas;Amanhecer
1316297;2013-06-17;Segunda;07:20:00;RJ;101;320.0;NITEROI;Falta de atencao;Colisao traseira;Sem Vitimas;Pleno dia
1316301;2013-06-17;Segunda;09:00:00;RJ;101;308.0;SAO GONCALO;Velocidade incompativel;Capotamento;Sem Vitimas;Pleno dia
1316318;2013-06-17;Segunda;07:30:00;RJ;101;319.8;NITEROI;Outras;Colisao lateral;Sem Vitimas;Pleno dia
1316321;2013-06-13;Quinta;22:20:00;RJ;101;323.0;NITEROI;Outras;Danos Eventuais;Sem Vitimas;Plena noite
1316351;2013-06-17;Segunda;06:10:00;RJ;101;322.0;NITEROI;Outras;Colisao traseira;Sem Vitimas;Amanhecer
1316353;2013-06-17;Segunda;07:59:00;RJ;101;316.0;SAO GONCALO;Outras;Colisao traseira;Com Vitimas Feridas;Pleno dia
1316523;2013-06-17;Segunda;16:30:00;RJ;101;315.0;SAO GONCALO;Falta de atencao;Colisao lateral;Sem Vitimas;Pleno dia
1316588;2013-06-17;Segunda;18:40:00;RJ;101;317.0;SAO GONCALO;Outras;Colisao lateral;Com Vitimas Feridas;Plena noite
1316637;2013-06-17;Segunda;20:15:00;RJ;101;321.0;NITEROI;Outras;Colisao lateral;Sem Vitimas;Plena noite
1316749;2013-06-15;Sabado;05:00:00;RJ;101;320.0;NITEROI;Outras;Saida de Pista;Sem Vitimas;Plena noite
1316787;2013-06-14;Sexta;07:31:00;RJ;101;331.0;RIO DE JANEIRO;Falta de atencao;Colisao traseira;Com Vitimas Feridas;Pleno dia
1316814;2013-06-14;Sexta;17:30:00;RJ;101;332.0;RIO DE JANEIRO;Nao guardar distancia de seguranca;Colisao traseira;Com Vitimas Feridas;Anoitecer
1317354;2013-06-16;Domingo;00:30:00;RJ;101;330.0;RIO DE JANEIRO;Nao guardar distancia de seguranca;Colisao traseira;Com Vitimas Feridas;Plena noite
1317467;2013-06-11;Terca;23:00:00;RJ;101;321.0;NITEROI;Nao guardar distancia de seguranca;Colisao lateral;Sem Vitimas;Plena noite
1317468;2013-06-19;Quarta;07:00:00;RJ;101;322.0;NITEROI;Outras;Colisao traseira;Com Vitimas Feridas;Pleno dia
1317576;2013-06-19;Quarta;14:27:00;RJ;101;334.0;RIO DE JANEIRO;Falta de atencao;Colisao traseira;Sem Vitimas;Pleno dia
1317777;2013-06-11;Terca;19:00:00;RJ;101;300.0;SAO GONCALO;Outras;Colisao lateral;Sem Vitimas;Plena noite
1317841;2013-06-20;Quinta;05:50:00;RJ;101;322.0;NITEROI;Outras;Colisao lateral;Sem Vitimas;Amanhecer
1317859;2013-06-17;Segunda;20:30:00;RJ;101;321.0;NITEROI;Nao guardar distancia de seguranca;Colisao traseira;Sem Vitimas;Plena noite
1318163;2013-06-16;Domingo;13:48:00;RJ;101;333.0;RIO DE JANEIRO;Outras;Colisao traseira;Com Vitimas Feridas;Pleno dia
1318265;2013-06-20;Quinta;21:00:00;RJ;101;314.0;SAO GONCALO;Outras;Queda de motocicleta / bicicleta / veiculo;Com Vitimas Feridas;Plena noite
1318338;2013-06-19;Quarta;09:10:00;RJ;101;331.0;RIO DE JANEIRO;Nao guardar distancia de seguranca;Colisao traseira;Sem Vitimas;Pleno dia
1318342;2013-06-17;Segunda;02:00:00;RJ;101;320.0;NITEROI;Outras;Colisao com objeto fixo;Sem Vitimas;Plena noite
1318542;2013-06-21;Sexta;17:30:00;RJ;101;312.0;SAO GONCALO;Nao guardar distancia de seguranca;Colisao traseira;Sem Vitimas;Anoitecer
1318719;2013-06-22;Sabado;05:50:00;RJ;101;332.0;RIO DE JANEIRO;Falta de atencao;Colisao traseira;Sem Vitimas;Amanhecer
1318737;2013-06-22;Sabado;08:00:00;RJ;101;300.0;SAO GONCALO;Falta de atencao;Colisao lateral;Sem Vitimas;Pleno dia
1318786;2013-06-22;Sabado;10:30:00;RJ;101;322.0;NITEROI;Falta de atencao;Colisao traseira;Sem Vitimas;Pleno dia
1318860;2013-06-22;Sabado;10:44:00;RJ;101;334.0;RIO DE JANEIRO;Outras;Colisao lateral;Com Vitimas Feridas;Pleno dia
1318885;2013-06-14;Sexta;21:20:00;RJ;101;322.0;NITEROI;Outras;Colisao traseira;Sem Vitimas;Plena noite
1318905;2013-06-18;Terca;21:56:00;RJ;101;331.0;RIO DE JANEIRO;Outras;Colisao com objeto fixo;Com Vitimas Feridas;Plena noite
1318918;2013-06-18;Terca;14:00:00;RJ;101;328.0;RIO DE JANEIRO;Outras;Colisao lateral;Com Vitimas Feridas;Pleno dia
1319046;2013-06-23;Domingo;01:15:00;RJ;101;321.0;NITEROI;Outras;Colisao com objeto fixo;Sem Vitimas;Plena noite
1319100;2013-06-23;Domingo;03:00:00;RJ;101;309.0;SAO GONCALO;Outras;Saida de Pista;Ignorado;Plena noite
1319349;2013-06-23;Domingo;13:30:00;RJ;101;315.0;SAO GONCALO;Outras;Saida de Pista;Sem Vitimas;Pleno dia
1319499;2013-06-19;Quarta;17:50:00;RJ;101;305.0;SAO GONCALO;Outras;Colisao com bicicleta;Com Vitimas Feridas;Anoitecer