id;data_inversa;dia_semana;horario;uf;br;km;municipio;causa_acidente;tipo_acidente;classificacao_acidente;fase_dia
1319662;2013-06-21;Sexta;20:30:00;RJ;101;317.0;SAO GONCALO;Outras;Colisao traseira;Sem Vitimas;Plena noite
1319930;2013-06-24;Segunda;14:50:00;RJ;101;310.0;SAO GONCALO;Falta de atencao;Colisao traseira;Sem Vitimas;Pleno dia
1320232;2013-06-24;Segunda;23:27:00;RJ;101;322.0;NITEROI;Outras;Colisao com objeto fixo;Sem Vitimas;Plena noite
1320244;2013-06-25;Terca;00:15:00;RJ;101;326.0;NITEROI;Falta de atencao;Colisao lateral;Sem Vitimas;Plena noite
1320324;2013-06-21;Sexta;17:50:00;RJ;101;321.0;NITEROI;Outras;Colisao lateral;Sem Vitimas;Anoitecer
1320363;2013-06-22;Sabado;02:15:00;RJ;101;318.0;SAO GONCALO;Outras;Capotamento;Com Vitimas Feridas;Plena noite
1320374;2013-06-21;Sexta;22:45:00;RJ;101;330.0;RIO DE JANEIRO;Outras;Colisao com objeto fixo;Sem Vitimas;Pleno dia
1320460;2013-06-22;Sabado;02:15:00;RJ;101;307.0;SAO GONCALO;Defeito mecanico em veiculo;Colisao traseira;Sem Vitimas;Plena noite
1320665;2013-06-25;Terca;15:20:00;RJ;101;333.0;RIO DE JANEIRO;Falta de atencao;Colisao traseira;Sem Vitimas;Pleno dia
1320683;2013-06-25;Terca;15:20:00;RJ;101;321.0;NITEROI;Falta de atencao;Colisao traseira;Sem Vitimas;Pleno dia
1320722;2013-06-25;Terca;16:20:00;RJ;101;330.0;RIO DE JANEIRO;Outras;Colisao lateral;Sem Vitimas;Pleno dia
1320729;2013-06-25;Terca;16:50:00;RJ;101;322.0;NITEROI;Outras;Queda de motocicleta / bicicleta / veiculo;Com Vitimas Feridas;Pleno dia
1320753;2013-05-08;Quarta;18:15:00;RJ;101;319.5;SAO GONCALO;Nao guardar distancia de seguranca;Colisao traseira;Sem Vitimas;Anoitecer
1320827;2013-06-25;Terca;20:15:00;RJ;101;322.0;NITEROI;Outras;Colisao traseira;Sem Vitimas;Plena noite
1321072;2013-06-18;Terca;18:57:00;RJ;101;322.0;NITEROI;Falta de atencao;Colisao lateral;Sem Vitimas;Plena noite
1321172;2013-06-15;Sabado;19:00:00;RJ;101;322.0;NITEROI;Nao guardar distancia de seguranca;Colisao lateral;Sem Vitimas;Plena noite
1321198;2013-06-26;Quarta;12:56:00;RJ;101;333.3;RIO DE JANEIRO;Falta de atencao;Colisao traseira;Sem Vitimas;Pleno dia
1321336;2013-06-26;Quarta;18:01:00;RJ;101;333.3;RIO DE JANEIRO;Falta de atencao;Colisao traseira;Sem Vitimas;Anoitecer
1321340;2013-06-26;Quarta;19:00:00;RJ;101;312.0;SAO GONCALO;Outras;Colisao lateral;Sem Vitimas;Plena noite
1321596;2013-06-27;Quinta;08:30:00;RJ;101;319.0;SAO GONCALO;Outras;Colisao traseira;Sem Vitimas;Pleno dia
1321786;2013-06-27;Quinta;17:00:00;RJ;101;309.0;SAO GONCALO;Defeito mecanico em veiculo;Colisao lateral;Sem Vitimas;Pleno dia
1321836;2013-06-27;Quinta;19:00:00;RJ;101;334.0;RIO DE JANEIRO;Outras;Colisao com objeto fixo;Sem Vitimas;Plena noite
1322161;2013-06-28;Sexta;12:00:00;RJ;101;320.0;NITEROI;Nao guardar distancia de seguranca;Colisao traseira;Sem Vitimas;Pleno dia
1322337;2013-06-28;Sexta;16:40:00;RJ;101;312.0;SAO GONCALO;Nao guardar distancia de seguranca;Colisao lateral;Sem Vitimas;Pleno dia
1322344;2013-06-28;Sexta;17:40:00;RJ;101;328.0;NITEROI;Outras;Colisao traseira;Sem Vitimas;Plena noite
1322375;2013-06-28;Sexta;18:20:00;RJ;101;329.0;RIO DE JANEIRO;Nao guardar distancia de seguranca;Colisao traseira;Sem Vitimas;Plena noite
1322408;2013-06-28;Sexta;19:00:00;RJ;101;322.0;NITEROI;Outras;Colisao lateral;Sem Vitimas;Plena noite
1322426;2013-06-28;Sexta;19:30:00;RJ;101;334.0;RIO DE JANEIRO;Falta de atencao;Colisao lateral;Sem Vitimas;Plena noite
1322800;2013-06-29;Sabado;16:00:00;RJ;101;301.0;SAO GONCALO;Outras;Colisao com objeto fixo;Sem Vitimas;Pleno dia
1322892;2013-06-29;Sabado;19:05:00;RJ;101;306.0;SAO GONCALO;Nao guardar distancia de seguranca;Colisao traseira;Sem Vitimas;Plena noite
1322991;2013-06-29;Sabado;10:00:00;RJ;101;305.0;SAO GONCALO;Falta de atencao;Colisao traseira;Sem Vitimas;Pleno dia
1322997;2013-06-29;Sabado;18:45:00;RJ;101;307.0;SAO GONCALO;Outras;Colisao com bicicleta;Com Vitimas Fatais;Plena noite
1323000;2013-06-29;Sabado;22:07:00;RJ;101;326.0;NITEROI;Outras;Colisao traseira;Sem Vitimas;Plena noite
1323100;2013-06-30;Domingo;07:40:00;RJ;101;323.0;NITEROI;Outras;Capotamento;Com Vitimas Feridas;Amanhecer
1323325;2013-06-30;Domingo;19:00:00;RJ;101;310.0;SAO GONCALO;Falta de atencao;Capotamento;Com Vitimas Feridas;Plena noite
1323506;2013-06-27;Quinta;23:10:00;RJ;101;328.0;NITEROI;Outras;Colisao traseira;Sem Vitimas;Plena noite
1323525;2013-05-18;Sabado;14:00:00;RJ;101;321.0;NITEROI;Outras;Colisao traseira;Sem Vitimas;Pleno dia
1323532;2013-06-27;Quinta;10:00:00;RJ;101;323.0;NITEROI;Falta de atencao;Colisao lateral;Sem Vitimas;Pleno dia
1323546;2013-07-01;Segunda;06:10:00;RJ;101;319.0;SAO GONCALO;Falta de atencao;Colisao lateral;Sem Vitimas;Pleno dia
1323575;2013-07-01;Segunda;08:30:00;RJ;101;314.0;SAO GONCALO;Outras;Capotamento;Sem Vitimas;Pleno dia
1323651;2013-06-27;Quinta;17:50:00;RJ;101;305.0;SAO GONCALO;Outras;Colisao com bicicleta;Com Vitimas Feridas;Anoitecer
1323653;2013-06-27;Quinta;17:30:00;RJ;101;305.0;SAO GONCALO;Outras;Colisao traseira;Com Vitimas Feridas;Anoitecer
1323743;2013-07-01;Segunda;15:00:00;RJ;101;321.0;NITEROI;Outras;Colisao traseira;Sem Vitimas;Pleno dia
1323932;2013-07-01;Segunda;19:50:00;RJ;101;318.0;SAO GONCALO;Outras;Colisao traseira;Sem Vitimas;Plena noite
1324070;2013-07-02;Terca;06:45:00;RJ;101;334.0;RIO DE JANEIRO;Outras;Colisao lateral;Sem Vitimas;Amanhecer
1324212;2013-07-02;Terca;12:10:00;RJ;101;329.0;RIO DE JANEIRO;Outras;Colisao traseira;Sem Vitimas;Pleno dia
1324234;2013-05-26;Domingo;18:15:00;RJ;101;318.0;SAO GONCALO;Outras;Colisao traseira;Sem Vitimas;Plena noite
1324877;2013-07-03;Quarta;19:30:00;RJ;101;318.0;SAO GONCALO;Outras;Colisao lateral;Sem Vitimas;Plena noite
1324881;2013-07-03;Quarta;09:30:00;RJ;101;326.0;NITEROI;Outras;Colisao traseira;Sem Vitimas;Pleno dia
1324897;2013-07-03;Quarta;20:35:00;RJ;101;314.0;SAO GONCALO;Outras;Saida de Pista;Sem Vitimas;Plena noite
1324962;2013-07-04;Quinta;02:10:00;RJ;101;302.0;SAO GONCALO;Animais na Pista;Atropelamento de animal;Sem Vitimas;Plena noite
1325034;2013-06-25;Terca;19:45:00;RJ;101;321.0;NITEROI;Outras;Colisao lateral;Sem Vitimas;Pleno dia
1325037;2013-07-04;Quinta;08:00:00;RJ;101;302.0;SAO GONCALO;Outras;Saida de Pista;Sem Vitimas;Pleno dia
1325047;2013-07-04;Quinta;08:30:00;RJ;101;314.0;SAO GONCALO;Outras;Colisao lateral;Sem Vitimas;Pleno dia
1325244;2013-07-04;Quinta;15:57:00;RJ;101;323.0;NITEROI;Falta de atencao;Colisao traseira;Sem Vitimas;Pleno dia
1325252;2013-07-04;Quinta;10:45:00;RJ;101;332.2;RIO DE JANEIRO;Nao guardar distancia de seguranca;Colisao traseira;Com Vitimas Feridas;Pleno dia
1325304;2013-07-04;Quinta;18:00:00;RJ;101;318.0;SAO GONCALO;Falta de atencao;Colisao traseira;Sem Vitimas;Plena noite
1325335;2013-07-04;Quinta;19:00:00;RJ;101;322.0;NITEROI;Outras;Colisao lateral;Sem Vitimas;Plena noite
1325516;2013-07-01;Segunda;22:10:00;RJ;101;320.0;NITEROI;Outras;Colisao com objeto fixo;Sem Vitimas;Plena noite
1325688;2013-07-05;Sexta;09:00:00;RJ;101;323.0;NITEROI;Outras;Colisao lateral;Sem Vitimas;Pleno dia
1325735;2013-07-05;Sexta;07:30:00;RJ;101;319.0;SAO GONCALO;Falta de atencao;Colisao lateral;Com Vitimas Feridas;Pleno dia
1325782;2013-07-05;Sexta;16:57:00;RJ;101;333.0;RIO DE JANEIRO;Outras;Colisao traseira;Sem Vitimas;Pleno dia
1325848;2013-07-05;Sexta;18:48:00;RJ;101;323.0;NITEROI;Outras;Colisao traseira;Sem Vitimas;Anoitecer
1325862;2013-07-05;Sexta;21:00:00;RJ;101;322.0;NITEROI;Outras;Colisao traseira;Sem Vitimas;Plena noite
1325986;2013-07-05;Sexta;23:20:00;RJ;101;333.0;RIO DE JANEIRO;Falta de atencao;Colisao lateral;Sem Vitimas;Plena noite
1326076;2013-07-06;Sabado;05:30:00;RJ;101;312.0;SAO GONCALO;Outras;Colisao lateral;Sem Vitimas;Amanhecer
1326225;2013-07-06;Sabado;16:00:00;RJ;101;324.0;NITEROI;Nao guardar distancia de seguranca;Colisao traseira;Sem Vitimas;Pleno dia
1326231;2013-07-06;Sabado;08:04:00;RJ;101;334.0;RIO DE JANEIRO;Outras;Colisao traseira;Sem Vitimas;Pleno dia
1326234;2013-07-06;Sabado;16:15:00;RJ;101;306.0;SAO GONCALO;Outras;Capotamento;Sem Vitimas;Pleno dia
1326239;2013-07-06;Sabado;16:00:00;RJ;101;329.0;RIO DE JANEIRO;Nao guardar distancia de seguranca;Colisao traseira;Sem Vitimas;Pleno dia
1326258;2013-07-06;Sabado;10:00:00;RJ;101;323.0;NITEROI;Outras;Colisao traseira;Sem Vitimas;Pleno dia
1326279;2013-07-06;Sabado;18:10:00;RJ;101;307.0;SAO GONCALO;Outras;Colisao lateral;Sem Vitimas;Plena noite
1326294;2013-07-06;Sabado;18:00:00;RJ;101;327.0;NITEROI;Nao guardar distancia de seguranca;Colisao traseira;Sem Vitimas;Anoitecer
1326344;2013-07-06;Sabado;10:50:00;RJ;101;323.0;NITEROI;Nao guardar distancia de seguranca;Colisao traseira;Sem Vitimas;Pleno dia
1326543;2013-07-07;Domingo;05:07:00;RJ;101;313.0;SAO GONCALO;Dormindo;Saida de Pista;Com Vitimas Feridas;Pleno dia
1326550;2013-07-07;Domingo;05:00:00;RJ;101;313.0;SAO GONCALO;Dormindo;Colisao com objeto fixo;Sem Vitimas;Plena noite
1326718;2013-07-07;Domingo;11:10:00;RJ;101;313.0;SAO GONCALO;Outras;Saida de Pista;Sem Vitimas;Pleno dia
1326730;2013-07-07;Domingo;14:50:00;RJ;101;306.0;SAO GONCALO;Outras;Colisao com objeto fixo;Sem Vitimas;Pleno dia
1326874;2013-07-07;Domingo;20:20:00;RJ;101;310.0;SAO GONCALO;Outras;Colisao traseira;Sem Vitimas;Plena noite
1326913;2013-07-07;Domingo;18:35:00;RJ;101;319.0;SAO GONCALO;Outras;Colisao traseira;Sem Vitimas;Plena noite
1326922;2013-07-07;Domingo;18:50:00;RJ;101;319.2;SAO GONCALO;Nao guardar distancia de seguranca;Colisao traseira;Sem Vitimas;Plena noite
1327029;2013-07-04;Quinta;19:30:00;RJ;101;322.2;NITEROI;Falta de atencao;Colisao lateral;Sem Vitimas;Anoitecer
1327087;2013-07-08;Segunda;05:06:00;RJ;101;326.0;NITEROI;Nao guardar distancia de seguranca;Colisao lateral;Sem Vitimas;Plena noite
1327122;2013-07-08;Segunda;05:10:00;RJ;101;333.0;RIO DE JANEIRO;Falta de atencao;Colisao traseira;Sem Vitimas;Amanhecer
1327169;2013-07-08;Segunda;12:50:00;RJ;101;310.0;SAO GONCALO;Outras;Atropelamento de pessoa;Com Vitimas Feridas;Pleno dia
1327196;2013-07-08;Segunda;09:00:00;RJ;101;316.0;SAO GONCALO;Outras;Colisao traseira;Sem Vitimas;Pleno dia
1327309;2013-07-08;Segunda;08:00:00;RJ;101;316.0;SAO GONCALO;Outras;Colisao lateral;Com Vitimas Feridas;Pleno dia
1327404;2013-07-08;Segunda;18:50:00;RJ;101;333.0;RIO DE JANEIRO;Falta de atencao;Colisao traseira;Sem Vitimas;Anoitecer
1327553;2013-07-06;Sabado;03:40:00;RJ;101;319.0;SAO GONCALO;Falta de atencao;Colisao traseira;Sem Vitimas;Plena noite
1327561;2013-07-01;Segunda;23:40:00;RJ;101;325.0;NITEROI;Falta de atencao;Colisao traseira;Com Vitimas Feridas;Plena noite
1327569;2013-07-05;Sexta;20:50:00;RJ;101;328.0;RIO DE JANEIRO;Falta de atencao;Colisao traseira;Sem Vitimas;Plena noite
1327664;2013-07-06;Sabado;00:07:00;RJ;101;319.0;SAO GONCALO;Outras;Colisao traseira;Sem Vitimas;Plena noite
1327744;2013-07-09;Terca;16:00:00;RJ;101;328.0;NITEROI;Outras;Colisao traseira;Sem Vitimas;Pleno dia
1327781;2013-07-09;Terca;07:00:00;RJ;101;307.0;SAO GONCALO;Falta de atencao;Colisao traseira;Sem Vitimas;Pleno dia
1327876;2013-07-02;Terca;02:30:00;RJ;101;309.0;SAO GONCALO;Dormindo;Saida de Pista;Com Vitimas Feridas;Plena noite
1328421;2013-07-01;Segunda;06:05:00;RJ;101;314.0;SAO GONCALO;Nao guardar distancia de seguranca;Tombamento;Com Vitimas Feridas;Amanhecer
1328650;2013-07-11;Quinta;06:20:00;RJ;101;319.0;SAO GONCALO;Outras;Colisao traseira;Sem Vitimas;Pleno dia
1328703;2013-07-02;Terca;08:30:00;RJ;101;329.0;NITEROI;Outras;Colisao traseira;Sem Vitimas;Pleno dia
1328776;2013-07-11;Quinta;11:10:00;RJ;101;313.3;SAO GONCALO;Outras;Colisao traseira;Sem Vitimas;Pleno dia
1328866;2013-07-11;Quinta;12:30:00;RJ;101;310.0;SAO GONCALO;Outras;Colisao traseira;Sem Vitimas;Pleno dia
1328971;2013-07-11;Quinta;18:40:00;RJ;101;309.0;SAO GONCALO;Outras;Colisao traseira;Sem Vitimas;Plena noite
1328989;2013-07-11;Quinta;12:20:00;RJ;101;309.0;SAO GONCALO;Outras;Colisao traseira;Com Vitimas Feridas;Pleno dia
1329045;2013-07-11;Quinta;14:10:00;RJ;101;300.0;SAO GONCALO;Outras;Colisao traseira;Sem Vitimas;Pleno dia
1329079;2013-07-11;Quinta;19:30:00;RJ;101;307.0;SAO GONCALO;Outras;Colisao traseira;Sem Vitimas;Plena noite
1329443;2013-07-11;Quinta;18:50:00;RJ;101;313.0;SAO GONCALO;Outras;Queda de motocicleta / bicicleta / veiculo;Sem Vitimas;Plena noite
1329512;2013-07-12;Sexta;18:25:00;RJ;101;307.0;SAO GONCALO;Nao guardar distancia de seguranca;Colisao traseira;Sem Vitimas;Plena noite
1329551;2013-07-08;Segunda;10:40:00;RJ;101;321.0;NITEROI;Outras;Colisao traseira;Sem Vitimas;Pleno dia
1329561;2013-07-12;Sexta;18:50:00;RJ;101;319.0;SAO GONCALO;Nao guardar distancia de seguranca;Colisao traseira;Com Vitimas Feridas;Plena noite
1329784;2013-07-13;Sabado;04:30:00;RJ;101;318.0;SAO GONCALO;Outras;Capotamento;Com Vitimas Feridas;Plena noite
1329871;2013-07-09;Terca;19:40:00;RJ;101;323.0;NITEROI;Outras;Colisao traseira;Sem Vitimas;Plena noite
1330030;2013-07-09;Terca;15:30:00;RJ;101;321.0;NITEROI;Falta de atencao;Colisao lateral;Sem Vitimas;Pleno dia
1330045;2013-07-13;Sabado;14:30:00;RJ;101;329.0;RIO DE JANEIRO;Outras;Colisao traseira;Sem Vitimas;Amanhecer
1330052;2013-07-09;Terca;23:00:00;RJ;101;324.0;NITEROI;Falta de atencao;Capotamento;Com Vitimas Feridas;Plena noite
1330147;2013-07-13;Sabado;17:20:00;RJ;101;321.0;NITEROI;Nao guardar distancia de seguranca;Colisao traseira;Sem Vitimas;Pleno dia
1330166;2013-07-13;Sabado;13:38:00;RJ;101;332.0;RIO DE JANEIRO;Falta de atencao;Colisao traseira;Sem Vitimas;Pleno dia
1330180;2013-07-13;Sabado;16:20:00;RJ;101;322.0;NITEROI;Outras;Colisao traseira;Sem Vitimas;Pleno dia
1330233;2013-07-09;Terca;18:33:00;RJ;101;322.0;NITEROI;Nao guardar distancia de seguranca;Colisao lateral;Sem Vitimas;Plena noite
1330347;2013-07-14;Domingo;03:00:00;RJ;101;321.0;NITEROI;Outras;Colisao traseira;Sem Vitimas;Plena noite
1330497;2013-07-14;Domingo;10:25:00;RJ;101;310.0;SAO GONCALO;Falta de atencao;Colisao traseira;Com Vitimas Feridas;Pleno dia
1330574;2013-07-14;Domingo;14:10:00;RJ;101;321.0;NITEROI;Falta de atencao;Queda de motocicleta / bicicleta / veiculo;Com Vitimas Feridas;Pleno dia
1330587;2013-07-14;Domingo;14:25:00;RJ;101;326.0;NITEROI;Nao guardar distancia de seguranca;Colisao traseira;Com Vitimas Feridas;Pleno dia
1330605;2013-07-14;Domingo;08:01:00;RJ;101;330.0;RIO DE JANEIRO;Outras;Colisao traseira;Com Vitimas Feridas;Pleno dia
1330613;2013-07-14;Domingo;07:40:00;RJ;101;330.0;RIO DE JANEIRO;Outras;Colisao traseira;Com Vitimas Feridas;Pleno dia
1330653;2013-07-14;Domingo;17:06:00;RJ;101;319.0;SAO GONCALO;Outras;Colisao traseira;Com Vitimas Feridas;Plena noite
1330733;2013-07-14;Domingo;22:00:00;RJ;101;332.0;RIO DE JANEIRO;Nao guardar distancia de seguranca;Colisao traseira;Sem Vitimas;Plena noite
1330848;2013-07-15;Segunda;06:00:00;RJ;101;321.0;NITEROI;Outras;Colisao lateral;Sem Vitimas;Pleno dia
1330927;2013-07-15;Segunda;10:36:00;RJ;101;333.0;RIO DE JANEIRO;Falta de atencao;Colisao traseira;Sem Vitimas;Pleno dia
1331032;2013-07-06;Sabado;10:30:00;RJ;101;318.0;SAO GONCALO;Outras;Colisao lateral;Sem Vitimas;Pleno dia
1331247;2013-07-15;Segunda;19:27:00;RJ;101;334.0;RIO DE JANEIRO;Falta de atencao;Colisao traseira;Sem Vitimas;Plena noite
1331347;2013-07-16;Terca;00:05:00;RJ;101;334.0;RIO DE JANEIRO;Outras;Colisao com objeto movel;Sem Vitimas;Plena noite
1331663;2013-07-16;Terca;07:40:00;RJ;101;323.0;NITEROI;Outras;Colisao traseira;Sem Vitimas;Pleno dia
1331669;2013-07-16;Terca;08:30:00;RJ;101;322.0;NITEROI;Falta de atencao;Colisao com objeto fixo;Sem Vitimas;Pleno dia
1331822;2013-07-16;Terca;18:15:00;RJ;101;318.0;SAO GONCALO;Nao guardar distancia de seguranca;Colisao traseira;Sem Vitimas;Plena noite
1331985;2013-07-14;Domingo;12:30:00;RJ;101;322.0;NITEROI;Outras;Colisao traseira;Sem Vitimas;Pleno dia
1332102;2013-07-17;Quarta;13:30:00;RJ;101;320.0;NITEROI;Outras;Colisao lateral;Sem Vitimas;Pleno dia
1332216;2013-07-17;Quarta;10:40:00;RJ;101;318.0;SAO GONCALO;Nao guardar distancia de seguranca;Colisao traseira;Sem Vitimas;Pleno dia
1332468;2013-07-15;Segunda;16:30:00;RJ;101;330.0;NITEROI;Nao guardar distancia de seguranca;Colisao traseira;Sem Vitimas;Pleno dia
1332869;2013-07-18;Quinta;21:06:00;RJ;101;328.0;NITEROI;Outras;Colisao traseira;Sem Vitimas;Plena noite
1333011;2013-07-19;Sexta;06:30:00;RJ;101;316.0;SAO GONCALO;Outras;Colisao traseira;Sem Vitimas;Pleno dia
1333059;2013-07-16;Terca;02:30:00;RJ;101;313.0;SAO GONCALO;Defeito mecanico em veiculo;Incendio;Sem Vitimas;Plena noite
1333314;2013-07-19;Sexta;17:30:00;RJ;101;334.0;NITEROI;Falta de atencao;Colisao traseira;Sem Vitimas;Pleno dia
1333362;2013-07-19;Sexta;18:51:00;RJ;101;312.6;SAO GONCALO;Outras;Colisao lateral;Com Vitimas Feridas;Plena noite
1333383;2013-07-19;Sexta;19:20:00;RJ;101;327.0;NITEROI;Falta de atencao;Colisao traseira;Sem Vitimas;Plena noite
1333712;2013-07-16;Terca;00:10:00;RJ;101;302.0;SAO GONCALO;Outras;Colisao com objeto fixo;Sem Vitimas;Plena noite
1333781;2013-07-20;Sabado;10:38:00;RJ;101;326.0;NITEROI;Falta de atencao;Colisao traseira;Sem Vitimas;Pleno dia
1333845;2013-07-20;Sabado;14:40:00;RJ;101;327.0;NITEROI;Falta de atencao;Colisao traseira;Sem Vitimas;Pleno dia
1333855;2013-07-20;Sabado;15:30:00;RJ;101;323.0;NITEROI;Nao guardar distancia de seguranca;Colisao traseira;Sem Vitimas;Pleno dia
1333862;2013-07-20;Sabado;14:30:00;RJ;101;304.0;SAO GONCALO;Velocidade incompativel;Colisao traseira;Sem Vitimas;Pleno dia
1333881;2013-07-20;Sabado;14:40:00;RJ;101;303.7;SAO GONCALO;Ultrapassagem indevida;Colisao traseira;Sem Vitimas;Pleno dia
1333903;2013-07-20;Sabado;16:30:00;RJ;101;330.0;RIO DE JANEIRO;Nao guardar distancia de seguranca;Colisao traseira;Sem Vitimas;Pleno dia
1333911;2013-07-20;Sabado;15:00:00;RJ;101;326.0;NITEROI;Nao guardar distancia de seguranca;Colisao traseira;Sem Vitimas;Pleno dia
1333921;2013-07-20;Sabado;17:30:00;RJ;101;314.0;SAO GONCALO;Outras;Saida de Pista;Com Vitimas Feridas;Anoitecer
1334278;2013-07-21;Domingo;11:30:00;RJ;101;320.0;RIO DE JANEIRO;Falta de atencao;Colisao traseira;Sem Vitimas;Pleno dia
1334461;2013-07-21;Domingo;15:15:00;RJ;101;309.0;SAO GONCALO;Outras;Queda de motocicleta / bicicleta / veiculo;Com Vitimas Feridas;Pleno dia
1334494;2013-07-21;Domingo;17:00:00;RJ;101;300.0;SAO GONCALO;Outras;Colisao lateral;Sem Vitimas;Pleno dia
1334646;2013-07-19;Sexta;01:20:00;RJ;101;315.0;SAO GONCALO;Outras;Atropelamento de pessoa;Com Vitimas Fatais;Plena noite
1334696;2013-07-22;Segunda;06:50:00;RJ;101;334.0;RIO DE JANEIRO;Nao guardar distancia de seguranca;Colisao traseira;Sem Vitimas;Pleno dia
1334710;2013-07-22;Segunda;07:50:00;RJ;101;316.0;SAO GONCALO;Outras;Colisao traseira;Sem Vitimas;Pleno dia
1334745;2013-07-18;Quinta;20:45:00;RJ;101;324.0;NITEROI;Outras;Colisao traseira;Sem Vitimas;Plena noite
1334775;2013-07-22;Segunda;09:30:00;RJ;101;328.0;RIO DE JANEIRO;Outras;Colisao traseira;Sem Vitimas;Pleno dia
1334781;2013-07-22;Segunda;10:12:00;RJ;101;321.0;NITEROI;Nao guardar distancia de seguranca;Colisao lateral;Sem Vitimas;Pleno dia
1334805;2013-07-22;Segunda;11:00:00;RJ;101;328.0;NITEROI;Falta de atencao;Colisao lateral;Sem Vitimas;Pleno dia
1334875;2013-07-22;Segunda;10:00:00;RJ;101;319.0;SAO GONCALO;Falta de atencao;Colisao traseira;Com Vitimas Feridas;Pleno dia
1334889;2013-07-22;Segunda;12:17:00;RJ;101;332.0;RIO DE JANEIRO;Outras;Colisao traseira;Sem Vitimas;Pleno dia
1334911;2013-07-22;Segunda;14:25:00;RJ;101;327.0;NITEROI;Falta de atencao;Colisao traseira;Com Vitimas Feridas;Pleno dia
1334946;2013-07-22;Segunda;12:17:00;RJ;101;332.0;RIO DE JANEIRO;Falta de atencao;Colisao traseira;Sem Vitimas;Pleno dia
1335032;2013-07-22;Segunda;17:54:00;RJ;101;319.0;SAO GONCALO;Outras;Colisao traseira;Sem Vitimas;Anoitecer
1335171;2013-07-22;Segunda;22:50:00;RJ;101;322.0;NITEROI;Outras;Colisao lateral;Sem Vitimas;Plena noite
1335283;2013-07-23;Terca;07:00:00;RJ;101;319.0;SAO GONCALO;Outras;Saida de Pista;Sem Vitimas;Pleno dia
1335299;2013-07-19;Sexta;19:30:00;RJ;101;331.0;RIO DE JANEIRO;Outras;Colisao traseira;Sem Vitimas;Plena noite
1335303;2013-07-23;Terca;08:00:00;RJ;101;334.0;RIO DE JANEIRO;Falta de atencao;Colisao traseira;Sem Vitimas;Pleno dia
1335351;2013-07-23;Terca;10:20:00;RJ;101;308.2;SAO GONCALO;Nao guardar distancia de seguranca;Colisao traseira;Sem Vitimas;Pleno dia
1335356;2013-07-23;Terca;09:45:00;RJ;101;321.0;NITEROI;Falta de atencao;Colisao lateral;Sem Vitimas;Pleno dia
1335402;2013-07-23;Terca;11:30:00;RJ;101;322.0;RIO DE JANEIRO;Outras;Colisao com objeto fixo;Sem Vitimas;Pleno dia
1335557;2013-07-16;Terca;00:08:00;RJ;101;302.0;SAO GONCALO;Outras;Queda de motocicleta / bicicleta / veiculo;Sem Vitimas;Plena noite
1335633;2013-07-23;Terca;20:00:00;RJ;101;316.0;SAO GONCALO;Outras;Colisao lateral;Sem Vitimas;Plena noite
1336065;2013-07-21;Domingo;04:07:00;RJ;101;323.0;NITEROI;Falta de atencao;Colisao traseira;Sem Vitimas;Plena noite