id;data_inversa;dia_semana;horario;uf;br;km;municipio;causa_acidente;tipo_acidente;classificacao_acidente;fase_dia
83070849;2013-09-22;Domingo;16:53:00;RJ;101;333.0;RIO DE JANEIRO;Nao guardar distancia de seguranca;Colisao traseira;Com Vitimas Feridas;Pleno dia
83071023;2013-09-26;Quinta;08:20:00;RJ;101;325.0;NITEROI;Nao guardar distancia de seguranca;Colisao traseira;Com Vitimas Feridas;Pleno dia
83071031;2013-09-26;Quinta;17:40:00;RJ;101;328.0;RIO DE JANEIRO;Falta de atencao;Colisao traseira;Sem Vitimas;Anoitecer
83071253;2013-09-20;Sexta;04:30:00;RJ;101;310.0;SAO GONCALO;Outras;Colisao traseira;Com Vitimas Fatais;Amanhecer
83071608;2013-09-27;Sexta;19:40:00;RJ;101;322.0;NITEROI;Falta de atencao;Colisao traseira;Sem Vitimas;Plena noite
83071842;2013-09-28;Sabado;07:00:00;RJ;101;316.0;SAO GONCALO;Outras;Saida de Pista;Com Vitimas Feridas;Pleno dia
83071938;2013-09-28;Sabado;13:28:00;RJ;101;318.0;SAO GONCALO;Outras;Colisao lateral;Sem Vitimas;Pleno dia
83072014;2013-09-28;Sabado;17:00:00;RJ;101;322.0;NITEROI;Outras;Colisao lateral;Sem Vitimas;Pleno dia
83072016;2013-09-28;Sabado;16:00:00;RJ;101;314.0;SAO GONCALO;Outras;Colisao traseira;Sem Vitimas;Pleno dia
83072125;2013-09-28;Sabado;17:30:00;RJ;101;313.0;SAO GONCALO;Outras;Colisao traseira;Sem Vitimas;Pleno dia
83072204;2013-09-29;Domingo;00:30:00;RJ;101;309.0;SAO GONCALO;Outras;Colisao lateral;Com Vitimas Feridas;Plena noite
83072443;2013-09-29;Domingo;14:45:00;RJ;101;304.0;SAO GONCALO;Nao guardar distancia de seguranca;Colisao lateral;Sem Vitimas;Pleno dia
83072461;2013-09-26;Quinta;11:10:00;RJ;101;331.0;RIO DE JANEIRO;Falta de atencao;Colisao traseira;Com Vitimas Feridas;Pleno dia
83072956;2013-09-30;Segunda;05:45:00;RJ;101;334.0;RIO DE JANEIRO;Falta de atencao;Colisao lateral;Sem Vitimas;Amanhecer
83072990;2013-09-30;Segunda;18:00:00;RJ;101;319.0;SAO GONCALO;Outras;Colisao lateral;Com Vitimas Feridas;Plena noite
83073091;2013-09-30;Segunda;18:20:00;RJ;101;322.2;NITEROI;Desobediencia a sinalizacao;Atropelamento de pessoa;Com Vitimas Feridas;Plena noite
83073127;2013-09-30;Segunda;19:30:00;RJ;101;333.0;RIO DE JANEIRO;Outras;Colisao traseira;Com Vitimas Feridas;Plena noite
83073199;2013-09-27;Sexta;13:10:00;RJ;101;323.0;NITEROI;Falta de atencao;Colisao traseira;Sem Vitimas;Pleno dia
83073557;2013-10-01;Terca;07:30:00;RJ;101;316.0;SAO GONCALO;Velocidade incompativel;Capotamento;Sem Vitimas;Pleno dia
83073792;2013-10-02;Quarta;10:45:00;RJ;101;320.0;NITEROI;Outras;Colisao traseira;Sem Vitimas;Pleno dia
83073840;2013-10-02;Quarta;11:15:00;RJ;101;315.6;SAO GONCALO;Outras;Colisao traseira;Sem Vitimas;Pleno dia
83073979;2013-10-01;Terca;17:05:00;RJ;101;311.0;SAO GONCALO;Outras;Colisao Transversal;Sem Vitimas;Pleno dia
83074069;2013-10-02;Quarta;16:10:00;RJ;101;318.2;SAO GONCALO;Outras;Colisao traseira;Sem Vitimas;Pleno dia
83074295;2013-09-29;Domingo;06:30:00;RJ;101;325.0;NITEROI;Outras;Colisao traseira;Sem Vitimas;Pleno dia
83074395;2013-09-29;Domingo;19:05:00;RJ;101;328.0;RIO DE JANEIRO;Outras;Colisao traseira;Com Vitimas Fatais;Plena noite
83074417;2013-09-29;Domingo;18:30:00;RJ;101;322.0;NITEROI;Falta de atencao;Colisao traseira;Sem Vitimas;Plena noite
83074483;2013-10-03;Quinta;08:30:00;RJ;101;317.0;SAO GONCALO;Nao guardar distancia de seguranca;Colisao lateral;Sem Vitimas;Pleno dia
83074505;2013-10-03;Quinta;18:00:00;RJ;101;324.0;NITEROI;Outras;Colisao traseira;Sem Vitimas;Plena noite
83074518;2013-09-29;Domingo;08:30:00;RJ;101;318.0;NITEROI;Outras;Colisao traseira;Sem Vitimas;Pleno dia
83074572;2013-10-03;Quinta;10:15:00;RJ;101;321.5;NITEROI;Falta de atencao;Colisao traseira;Com Vitimas Feridas;Pleno dia
83074815;2013-10-04;Sexta;08:30:00;RJ;101;316.0;SAO GONCALO;Outras;Colisao lateral;Sem Vitimas;Pleno dia
83074868;2013-10-02;Quarta;15:45:00;RJ;101;313.3;SAO GONCALO;Nao guardar distancia de seguranca;Colisao traseira;Sem Vitimas;Pleno dia
83074878;2013-10-02;Quarta;18:15:00;RJ;101;318.6;SAO GONCALO;Falta de atencao;Colisao lateral;Com Vitimas Feridas;Plena noite
83074960;2013-10-04;Sexta;13:20:00;RJ;101;322.0;NITEROI;Falta de atencao;Colisao traseira;Sem Vitimas;Pleno dia
83075195;2013-10-04;Sexta;17:34:00;RJ;101;327.0;NITEROI;Falta de atencao;Colisao traseira;Sem Vitimas;Anoitecer
83075315;2013-10-04;Sexta;20:30:00;RJ;101;333.0;RIO DE JANEIRO;Falta de atencao;Colisao com objeto fixo;Sem Vitimas;Plena noite
83075330;2013-10-05;Sabado;00:50:00;RJ;101;315.0;SAO GONCALO;Outras;Saida de Pista;Sem Vitimas;Plena noite
83075350;2013-10-05;Sabado;01:30:00;RJ;101;309.0;SAO GONCALO;Outras;Atropelamento de pessoa;Com Vitimas Fatais;Plena noite
83075392;2013-10-01;Terca;12:20:00;RJ;101;334.0;RIO DE JANEIRO;Outras;Colisao traseira;Com Vitimas Feridas;Pleno dia
83075577;2013-09-30;Segunda;23:50:00;RJ;101;322.0;NITEROI;Falta de atencao;Colisao lateral;Sem Vitimas;Plena noite
83075805;2013-10-05;Sabado;22:50:00;RJ;101;322.0;NITEROI;Falta de atencao;Colisao lateral;Sem Vitimas;Plena noite
83075821;2013-10-05;Sabado;23:50:00;RJ;101;322.0;NITEROI;Falta de atencao;Colisao lateral;Sem Vitimas;Plena noite
83075892;2013-10-06;Domingo;06:30:00;RJ;101;322.0;NITEROI;Outras;Colisao traseira;Sem Vitimas;Pleno dia
83076108;2013-10-06;Domingo;15:40:00;RJ;101;321.0;NITEROI;Outras;Colisao traseira;Sem Vitimas;Pleno dia
83076186;2013-10-04;Sexta;20:53:00;RJ;101;322.3;NITEROI;Falta de atencao;Colisao traseira;Sem Vitimas;Plena noite
83076226;2013-10-06;Domingo;17:30:00;RJ;101;319.6;NITEROI;Nao guardar distancia de seguranca;Colisao traseira;Sem Vitimas;Anoitecer
83076449;2013-10-07;Segunda;07:50:00;RJ;101;324.0;NITEROI;Outras;Colisao traseira;Sem Vitimas;Pleno dia
83076471;2013-10-03;Quinta;20:15:00;RJ;101;321.0;NITEROI;Outras;Colisao traseira;Com Vitimas Feridas;Plena noite
83076474;2013-10-07;Segunda;08:30:00;RJ;101;317.0;SAO GONCALO;Falta de atencao;Colisao traseira;Sem Vitimas;Pleno dia
83076641;2013-10-03;Quinta;11:30:00;RJ;101;333.0;RIO DE JANEIRO;Outras;Colisao lateral;Sem Vitimas;Pleno dia
83076712;2013-10-03;Quinta;21:15:00;RJ;101;322.0;NITEROI;Outras;Colisao Transversal;Sem Vitimas;Plena noite
83076784;2013-10-07;Segunda;18:15:00;RJ;101;315.0;SAO GONCALO;Falta de atencao;Colisao traseira;Sem Vitimas;Plena noite
83076865;2013-10-07;Segunda;18:00:00;RJ;101;303.0;SAO GONCALO;Outras;Colisao com objeto fixo;Sem Vitimas;Plena noite
83077030;2013-10-08;Terca;08:30:00;RJ;101;318.0;SAO GONCALO;Falta de atencao;Colisao traseira;Sem Vitimas;Pleno dia
83077233;2013-10-04;Sexta;20:00:00;RJ;101;332.2;RIO DE JANEIRO;Nao guardar distancia de seguranca;Colisao traseira;Sem Vitimas;Plena noite
83077257;2013-10-04;Sexta;23:53:00;RJ;101;326.0;NITEROI;Dormindo;Colisao lateral;Sem Vitimas;Plena noite
83077299;2013-10-05;Sabado;11:00:00;RJ;101;328.0;RIO DE JANEIRO;Nao guardar distancia de seguranca;Colisao traseira;Sem Vitimas;Pleno dia
83077350;2013-10-06;Domingo;17:30:00;RJ;101;319.3;NITEROI;Nao guardar distancia de seguranca;Colisao traseira;Sem Vitimas;Pleno dia
83077436;2013-10-08;Terca;11:50:00;RJ;101;321.0;NITEROI;Nao guardar distancia de seguranca;Colisao traseira;Sem Vitimas;Pleno dia
83077594;2013-10-09;Quarta;09:00:00;RJ;101;321.0;NITEROI;Falta de atencao;Colisao lateral;Sem Vitimas;Pleno dia
83077688;2013-10-09;Quarta;06:00:00;RJ;101;321.0;NITEROI;Outras;Colisao lateral;Sem Vitimas;Pleno dia
83077776;2013-10-09;Quarta;16:00:00;RJ;101;322.0;NITEROI;Falta de atencao;Colisao traseira;Sem Vitimas;Pleno dia
83077982;2013-10-10;Quinta;00:30:00;RJ;101;334.0;RIO DE JANEIRO;Defeito mecanico em veiculo;Danos Eventuais;Sem Vitimas;Plena noite
83078054;2013-10-06;Domingo;20:00:00;RJ;101;315.0;SAO GONCALO;Nao guardar distancia de seguranca;Colisao lateral;Sem Vitimas;Plena noite
83078091;2013-10-10;Quinta;06:58:00;RJ;101;328.0;RIO DE JANEIRO;Outras;Colisao traseira;Sem Vitimas;Pleno dia
83078158;2013-10-10;Quinta;11:05:00;RJ;101;305.0;SAO GONCALO;Outras;Colisao traseira;Sem Vitimas;Pleno dia
83078336;2013-10-10;Quinta;17:20:00;RJ;101;316.0;SAO GONCALO;Outras;Colisao lateral;Sem Vitimas;Pleno dia
83078345;2013-10-10;Quinta;17:02:00;RJ;101;327.0;RIO DE JANEIRO;Outras;Colisao lateral;Sem Vitimas;Pleno dia
83078358;2013-10-10;Quinta;18:10:00;RJ;101;319.0;NITEROI;Outras;Colisao traseira;Sem Vitimas;Anoitecer
83078481;2013-10-10;Quinta;12:00:00;RJ;101;319.0;SAO GONCALO;Nao guardar distancia de seguranca;Colisao traseira;Sem Vitimas;Pleno dia
83078484;2013-10-10;Quinta;17:15:00;RJ;101;318.0;SAO GONCALO;Nao guardar distancia de seguranca;Colisao traseira;Sem Vitimas;Pleno dia
83078647;2013-10-11;Sexta;09:20:00;RJ;101;320.0;NITEROI;Falta de atencao;Colisao traseira;Sem Vitimas;Pleno dia
83078728;2013-10-11;Sexta;12:30:00;RJ;101;303.0;SAO GONCALO;Falta de atencao;Colisao lateral;Sem Vitimas;Pleno dia
83078904;2013-10-11;Sexta;17:30:00;RJ;101;323.0;NITEROI;Outras;Colisao traseira;Sem Vitimas;Anoitecer
83079022;2013-10-07;Segunda;12:00:00;RJ;101;332.0;RIO DE JANEIRO;Outras;Colisao traseira;Sem Vitimas;Pleno dia
83079048;2013-10-11;Sexta;20:20:00;RJ;101;328.0;RIO DE JANEIRO;Outras;Colisao traseira;Sem Vitimas;Plena noite
83079052;2013-10-11;Sexta;22:45:00;RJ;101;312.0;SAO GONCALO;Nao guardar distancia de seguranca;Colisao traseira;Sem Vitimas;Plena noite
83079054;2013-10-11;Sexta;21:00:00;RJ;101;322.0;NITEROI;Falta de atencao;Colisao lateral;Sem Vitimas;Plena noite
83079107;2013-10-11;Sexta;15:45:00;RJ;101;321.0;NITEROI;Outras;Colisao lateral;Com Vitimas Feridas;Pleno dia
83079109;2013-10-11;Sexta;21:30:00;RJ;101;321.0;NITEROI;Outras;Colisao traseira;Com Vitimas Feridas;Plena noite
83079160;2013-10-11;Sexta;17:00:00;RJ;101;322.0;NITEROI;Falta de atencao;Colisao traseira;Sem Vitimas;Pleno dia
83079223;2013-10-12;Sabado;06:20:00;RJ;101;324.0;RIO DE JANEIRO;Outras;Colisao traseira;Sem Vitimas;Pleno dia
83079269;2013-10-12;Sabado;10:00:00;RJ;101;306.0;SAO GONCALO;Nao guardar distancia de seguranca;Colisao traseira;Sem Vitimas;Pleno dia
83079409;2013-10-12;Sabado;06:35:00;RJ;101;326.0;NITEROI;Falta de atencao;Colisao traseira;Com Vitimas Feridas;Pleno dia
83079611;2013-10-12;Sabado;23:00:00;RJ;101;315.0;SAO GONCALO;Outras;Colisao traseira;Sem Vitimas;Plena noite
83079678;2013-10-09;Quarta;12:30:00;RJ;101;323.0;NITEROI;Outras;Colisao traseira;Sem Vitimas;Pleno dia
83079872;2013-10-13;Domingo;13:40:00;RJ;101;323.0;NITEROI;Defeito mecanico em veiculo;Queda de motocicleta / bicicleta / veiculo;Com Vitimas Feridas;Pleno dia
83079962;2013-10-13;Domingo;18:40:00;RJ;101;302.0;SAO GONCALO;Outras;Colisao traseira;Sem Vitimas;Plena noite
83080090;2013-10-09;Quarta;19:00:00;RJ;101;319.0;SAO GONCALO;Falta de atencao;Colisao traseira;Sem Vitimas;Plena noite
83080183;2013-10-14;Segunda;07:30:00;RJ;101;321.0;NITEROI;Outras;Colisao lateral;Sem Vitimas;Pleno dia
83080195;2013-10-10;Quinta;22:00:00;RJ;101;334.0;RIO DE JANEIRO;Outras;Colisao lateral;Com Vitimas Feridas;Plena noite
83080248;2013-05-17;Sexta;22:15:00;RJ;101;320.0;SAO GONCALO;Outras;Colisao traseira;Sem Vitimas;Plena noite
83080355;2013-10-14;Segunda;11:20:00;RJ;101;326.0;NITEROI;Ultrapassagem indevida;Colisao lateral;Com Vitimas Feridas;Pleno dia
83080443;2013-10-14;Segunda;17:00:00;RJ;101;319.0;NITEROI;Falta de atencao;Colisao traseira;Sem Vitimas;Pleno dia
83080499;2013-10-14;Segunda;17:40:00;RJ;101;333.0;RIO DE JANEIRO;Falta de atencao;Colisao traseira;Com Vitimas Feridas;Anoitecer
83080522;2013-10-14;Segunda;15:25:00;RJ;101;307.6;SAO GONCALO;Nao guardar distancia de seguranca;Colisao traseira;Sem Vitimas;Pleno dia
83080533;2013-10-14;Segunda;19:30:00;RJ;101;306.0;SAO GONCALO;Outras;Colisao com objeto fixo;Com Vitimas Feridas;Plena noite
83080560;2013-10-07;Segunda;22:10:00;RJ;101;317.0;SAO GONCALO;Falta de atencao;Colisao lateral;Sem Vitimas;Plena noite
83080580;2013-10-14;Segunda;21:00:00;RJ;101;322.0;NITEROI;Outras;Colisao traseira;Sem Vitimas;Plena noite
83080585;2013-10-11;Sexta;17:30:00;RJ;101;314.0;SAO GONCALO;Falta de atencao;Colisao traseira;Sem Vitimas;Plena noite
83080605;2013-10-11;Sexta;23:10:00;RJ;101;309.0;SAO GONCALO;Falta de atencao;Colisao traseira;Sem Vitimas;Plena noite
83080726;2013-10-11;Sexta;06:30:00;RJ;101;307.0;SAO GONCALO;Outras;Colisao traseira;Sem Vitimas;Pleno dia
83080748;2013-10-11;Sexta;22:20:00;RJ;101;312.0;SAO GONCALO;Outras;Colisao traseira;Sem Vitimas;Plena noite
83080815;2013-10-11;Sexta;11:32:00;RJ;101;321.0;NITEROI;Outras;Colisao lateral;Sem Vitimas;Pleno dia
83080893;2013-10-11;Sexta;18:45:00;RJ;101;329.0;NITEROI;Outras;Danos Eventuais;Sem Vitimas;Plena noite
83081040;2013-10-15;Terca;13:40:00;RJ;101;318.0;SAO GONCALO;Outras;Colisao traseira;Sem Vitimas;Pleno dia
83081072;2013-10-11;Sexta;18:30:00;RJ;101;316.0;SAO GONCALO;Falta de atencao;Colisao traseira;Sem Vitimas;Plena noite
83081106;2013-10-15;Terca;10:00:00;RJ;101;321.0;NITEROI;Falta de atencao;Colisao traseira;Sem Vitimas;Pleno dia
83081135;2013-10-15;Terca;22:00:00;RJ;101;306.0;SAO GONCALO;Falta de atencao;Colisao lateral;Sem Vitimas;Plena noite
83081224;2013-10-15;Terca;17:00:00;RJ;101;300.9;SAO GONCALO;Outras;Queda de motocicleta / bicicleta / veiculo;Com Vitimas Feridas;Pleno dia
83081305;2013-10-16;Quarta;08:05:00;RJ;101;305.0;SAO GONCALO;Outras;Colisao traseira;Sem Vitimas;Pleno dia
83081306;2013-10-16;Quarta;09:00:00;RJ;101;303.0;SAO GONCALO;Falta de atencao;Colisao traseira;Sem Vitimas;Pleno dia
83081450;2013-10-12;Sabado;15:53:00;RJ;101;327.0;NITEROI;Falta de atencao;Colisao traseira;Sem Vitimas;Pleno dia
83081597;2013-10-16;Quarta;18:19:00;RJ;101;323.0;NITEROI;Outras;Colisao traseira;Sem Vitimas;Plena noite
83081755;2013-10-16;Quarta;19:40:00;RJ;101;322.0;NITEROI;Outras;Colisao com objeto fixo;Com Vitimas Feridas;Plena noite
83081925;2013-10-17;Quinta;09:45:00;RJ;101;319.0;SAO GONCALO;Falta de atencao;Colisao com objeto fixo;Sem Vitimas;Pleno dia
83082173;2013-10-17;Quinta;19:00:00;RJ;101;322.0;NITEROI;Nao guardar distancia de seguranca;Colisao lateral;Sem Vitimas;Plena noite
83082289;2013-10-17;Quinta;22:00:00;RJ;101;334.0;RIO DE JANEIRO;Outras;Colisao lateral;Sem Vitimas;Plena noite
83082310;2013-10-13;Domingo;21:30:00;RJ;101;301.0;SAO GONCALO;Outras;Colisao traseira;Sem Vitimas;Plena noite
83082356;2013-10-18;Sexta;02:55:00;RJ;101;310.0;SAO GONCALO;Outras;Colisao com objeto fixo;Sem Vitimas;Plena noite
83082386;2013-10-09;Quarta;22:40:00;RJ;101;315.0;SAO GONCALO;Falta de atencao;Colisao traseira;Sem Vitimas;Plena noite
83082590;2013-10-18;Sexta;13:00:00;RJ;101;300.0;SAO GONCALO;Falta de atencao;Colisao lateral;Sem Vitimas;Pleno dia
83082620;2013-10-18;Sexta;14:36:00;RJ;101;309.0;SAO GONCALO;Outras;Colisao lateral;Sem Vitimas;Pleno dia
83082685;2013-10-18;Sexta;15:56:00;RJ;101;323.0;NITEROI;Outras;Queda de motocicleta / bicicleta / veiculo;Com Vitimas Feridas;Pleno dia
83082722;2013-10-18;Sexta;18:28:00;RJ;101;322.0;NITEROI;Outras;Colisao lateral;Sem Vitimas;Plena noite
83082821;2013-10-18;Sexta;16:45:00;RJ;101;304.0;SAO GONCALO;Falta de atencao;Colisao traseira;Com Vitimas Feridas;Pleno dia
83082838;2013-10-18;Sexta;21:50:00;RJ;101;324.0;NITEROI;Outras;Colisao traseira;Sem Vitimas;Plena noite
83082882;2013-10-18;Sexta;22:00:00;RJ;101;312.0;SAO GONCALO;Outras;Colisao traseira;Sem Vitimas;Plena noite
83082980;2013-10-19;Sabado;06:30:00;RJ;101;322.0;NITEROI;Falta de atencao;Colisao lateral;Sem Vitimas;Pleno dia
83083031;2013-10-19;Sabado;09:00:00;RJ;101;324.0;NITEROI;Falta de atencao;Colisao traseira;Sem Vitimas;Pleno dia
83083036;2013-10-19;Sabado;09:00:00;RJ;101;318.0;SAO GONCALO;Falta de atencao;Colisao traseira;Sem Vitimas;Pleno dia
83083074;2013-10-15;Terca;14:50:00;RJ;101;321.0;NITEROI;Outras;Colisao lateral;Sem Vitimas;Pleno dia
83083135;2013-10-19;Sabado;11:00:00;RJ;101;322.0;NITEROI;Falta de atencao;Colisao lateral;Sem Vitimas;Pleno dia
83083171;2013-09-29;Domingo;07:30:00;RJ;101;321.0;NITEROI;Outras;Colisao lateral;Sem Vitimas;Pleno dia
83083198;2013-10-19;Sabado;12:15:00;RJ;101;301.0;SAO GONCALO;Falta de atencao;Colisao traseira;Sem Vitimas;Pleno dia
83083433;2013-10-20;Domingo;06:40:00;RJ;101;322.0;NITEROI;Outras;Colisao com objeto fixo;Sem Vitimas;Pleno dia
83083742;2013-10-20;Domingo;20:09:00;RJ;101;322.0;NITEROI;Falta de atencao;Colisao lateral;Sem Vitimas;Plena noite
83083760;2013-10-12;Sabado;13:03:00;RJ;101;322.0;NITEROI;Nao guardar distancia de seguranca;Colisao lateral;Sem Vitimas;Pleno dia
83083794;2013-09-26;Quinta;09:00:00;RJ;101;333.2;NITEROI;Nao guardar distancia de seguranca;Colisao traseira;Sem Vitimas;Pleno dia
83083798;2013-09-21;Sabado;17:00:00;RJ;101;324.0;NITEROI;Nao guardar distancia de seguranca;Colisao traseira;Sem Vitimas;Pleno dia
83083822;2013-09-22;Domingo;01:45:00;RJ;101;330.0;NITEROI;Nao guardar distancia de seguranca;Colisao traseira;Com Vitimas Feridas;Plena noite
83083828;2013-10-21;Segunda;01:00:00;RJ;101;302.0;SAO GONCALO;Outras;Colisao lateral;Com Vitimas Feridas;Plena noite
83084416;2013-10-18;Sexta;05:15:00;RJ;101;310.0;SAO GONCALO;Outras;Colisao traseira;Sem Vitimas;Amanhecer
83084430;2013-10-22;Terca;10:00:00;RJ;101;328.0;NITEROI;Falta de atencao;Colisao traseira;Com Vitimas Feridas;Amanhecer
83084553;2013-10-22;Terca;10:25:00;RJ;101;300.0;SAO GONCALO;Velocidade incompativel;Colisao traseira;Com Vitimas Feridas;Pleno dia
83084607;2013-10-22;Terca;17:20:00;RJ;101;327.0;NITEROI;Outras;Colisao traseira;Sem Vitimas;Pleno dia
83084645;2013-10-22;Terca;19:00:00;RJ;101;322.0;NITEROI;Outras;Colisao com objeto fixo;Sem Vitimas;Anoitecer
83084736;2013-10-15;Terca;07:50:00;RJ;101;319.0;SAO GONCALO;Falta de atencao;Colisao lateral;Sem Vitimas;Pleno dia
83085125;2013-10-23;Quarta;19:15:00;RJ;101;322.0;NITEROI;Outras;Colisao traseira;Sem Vitimas;Pleno dia
83085355;2013-10-17;Quinta;00:10:00;RJ;101;307.0;SAO GONCALO;Falta de atencao;Saida de Pista;Com Vitimas Feridas;Plena noite
83085486;2013-10-24;Quinta;07:40:00;RJ;101;334.0;RIO DE JANEIRO;Outras;Colisao traseira;Sem Vitimas;Pleno dia
83085611;2013-10-24;Quinta;16:00:00;RJ;101;316.0;SAO GONCALO;Falta de atencao;Colisao traseira;Sem Vitimas;Pleno dia
83085717;2013-10-24;Quinta;19:00:00;RJ;101;318.0;SAO GONCALO;Outras;Saida de Pista;Sem Vitimas;Pleno dia
83085748;2013-10-24;Quinta;21:16:00;RJ;101;306.0;SAO GONCALO;Defeito mecanico em veiculo;Colisao traseira;Sem Vitimas;Plena noite
83085792;2013-10-24;Quinta;18:55:00;RJ;101;322.0;NITEROI;Outras;Colisao lateral;Sem Vitimas;Pleno dia
83085886;2013-10-21;Segunda;16:00:00;RJ;101;328.0;RIO DE JANEIRO;Outras;Colisao traseira;Sem Vitimas;Pleno dia
83085892;2013-10-17;Quinta;14:15:00;RJ;101;322.0;SAO GONCALO;Outras;Colisao traseira;Sem Vitimas;Pleno dia
83085948;2013-10-21;Segunda;13:05:00;RJ;101;302.0;SAO GONCALO;Outras;Colisao lateral;Sem Vitimas;Pleno dia
83086047;2013-10-25;Sexta;09:30:00;RJ;101;306.0;SAO GONCALO;Falta de atencao;Colisao frontal;Com Vitimas Feridas;Pleno dia
83086048;2013-10-25;Sexta;13:00:00;RJ;101;323.0;NITEROI;Nao guardar distancia de seguranca;Colisao traseira;Sem Vitimas;Pleno dia
83086067;2013-10-25;Sexta;07:00:00;RJ;101;315.0;SAO GONCALO;Outras;Colisao traseira;Sem Vitimas;Pleno dia
83086153;2013-10-25;Sexta;16:50:00;RJ;101;321.0;NITEROI;Defeito mecanico em veiculo;Colisao lateral;Sem Vitimas;Pleno dia
83086223;2013-10-25;Sexta;20:00:00;RJ;101;322.0;NITEROI;Nao guardar distancia de seguranca;Colisao lateral;Sem Vitimas;Plena noite
83086235;2013-10-25;Sexta;15:00:00;RJ;101;302.0;SAO GONCALO;Outras;Colisao traseira;Sem Vitimas;Pleno dia
83086555;2013-10-26;Sabado;06:40:00;RJ;101;304.0;SAO GONCALO;Outras;Capotamento;Sem Vitimas;Pleno dia
83086568;2013-10-26;Sabado;11:50:00;RJ;101;321.5;NITEROI;Outras;Colisao traseira;Sem Vitimas;Pleno dia
83086702;2013-10-26;Sabado;17:00:00;RJ;101;322.0;NITEROI;Nao guardar distancia de seguranca;Colisao traseira;Sem Vitimas;Pleno dia
83086717;2013-10-26;Sabado;19:15:00;RJ;101;321.5;NITEROI;Falta de atencao;Atropelamento de pessoa;Sem Vitimas;Plena noite
83086961;2013-10-27;Domingo;10:44:00;RJ;101;322.0;NITEROI;Outras;Colisao traseira;Sem Vitimas;Pleno dia
83086968;2013-10-27;Domingo;12:00:00;RJ;101;327.0;NITEROI;Falta de atencao;Colisao lateral;Sem Vitimas;Pleno dia
83087031;2013-10-27;Domingo;14:30:00;RJ;101;323.0;NITEROI;Falta de atencao;Colisao lateral;Sem Vitimas;Pleno dia
83087061;2013-10-27;Domingo;17:10:00;RJ;101;301.0;SAO GONCALO;Falta de atencao;Colisao traseira;Sem Vitimas;Pleno dia
83087125;2013-10-24;Quinta;20:10:00;RJ;101;334.0;RIO DE JANEIRO;Outras;Danos Eventuais;Sem Vitimas;Plena noite
83087139;2013-10-27;Domingo;17:55:00;RJ;101;310.0;SAO GONCALO;Falta de atencao;Colisao traseira;Com Vitimas Feridas;Anoitecer
83087278;2013-10-28;Segunda;06:10:00;RJ;101;309.0;SAO GONCALO;Outras;Capotamento;Com Vitimas Feridas;Amanhecer
83087279;2013-10-28;Segunda;06:05:00;RJ;101;318.0;SAO GONCALO;Outras;Saida de Pista;Ignorado;Pleno dia